country,kpi,value,period,period_end,frequency,source_id,source_url,retrieved,method
FR,capex,5.49275,2004,2004-12-31,annuale,arcep_api,https://www.data.gouv.fr/api/1/datasets/r/f30bc772-7dff-49d6-940e-42865f32a9da,2026-09-24,"Arcep Observatoire, riga 'Investment during the year (*)'"
FR,capex,6.34187,2005,2005-12-31,annuale,arcep_api,https://www.data.gouv.fr/api/1/datasets/r/f30bc772-7dff-49d6-940e-42865f32a9da,2026-09-24,"Arcep Observatoire, riga 'Investment during the year (*)'"
FR,capex,7.0153,2006,2006-12-31,annuale,arcep_api,https://www.data.gouv.fr/api/1/datasets/r/f30bc772-7dff-49d6-940e-42865f32a9da,2026-09-24,"Arcep Observatoire, riga 'Investment during the year (*)'"
FR,capex,6.14,2007,2007-12-31,annuale,arcep_api,https://www.data.gouv.fr/api/1/datasets/r/f30bc772-7dff-49d6-940e-42865f32a9da,2026-09-24,"Arcep Observatoire, riga 'Investment during the year (*)'"
FR,capex,6.52886,2008,2008-12-31,annuale,arcep_api,https://www.data.gouv.fr/api/1/datasets/r/f30bc772-7dff-49d6-940e-42865f32a9da,2026-09-24,"Arcep Observatoire, riga 'Investment during the year (*)'"
FR,capex,5.8784,2009,2009-12-31,annuale,arcep_api,https://www.data.gouv.fr/api/1/datasets/r/f30bc772-7dff-49d6-940e-42865f32a9da,2026-09-24,"Arcep Observatoire, riga 'Investment during the year (*)'"
FR,capex,7.31767,2010,2010-12-31,annuale,arcep_api,https://www.data.gouv.fr/api/1/datasets/r/f30bc772-7dff-49d6-940e-42865f32a9da,2026-09-24,"Arcep Observatoire, riga 'Investment during the year (*)'"
FR,capex,8.1512,2011,2011-12-31,annuale,arcep_api,https://www.data.gouv.fr/api/1/datasets/r/f30bc772-7dff-49d6-940e-42865f32a9da,2026-09-24,"Arcep Observatoire, riga 'Investment during the year (*)'"
FR,capex,9.97363,2012,2012-12-31,annuale,arcep_api,https://www.data.gouv.fr/api/1/datasets/r/f30bc772-7dff-49d6-940e-42865f32a9da,2026-09-24,"Arcep Observatoire, riga 'Investment during the year (*)'"
FR,capex,7.17299,2013,2013-12-31,annuale,arcep_api,https://www.data.gouv.fr/api/1/datasets/r/f30bc772-7dff-49d6-940e-42865f32a9da,2026-09-24,"Arcep Observatoire, riga 'Investment during the year (*)'"
FR,capex,6.91866,2014,2014-12-31,annuale,arcep_api,https://www.data.gouv.fr/api/1/datasets/r/f30bc772-7dff-49d6-940e-42865f32a9da,2026-09-24,"Arcep Observatoire, riga 'Investment during the year (*)'"
FR,capex,10.4804,2015,2015-12-31,annuale,arcep_api,https://www.data.gouv.fr/api/1/datasets/r/f30bc772-7dff-49d6-940e-42865f32a9da,2026-09-24,"Arcep Observatoire, riga 'Investment during the year (*)'"
FR,capex,8.96812,2016,2016-12-31,annuale,arcep_api,https://www.data.gouv.fr/api/1/datasets/r/f30bc772-7dff-49d6-940e-42865f32a9da,2026-09-24,"Arcep Observatoire, riga 'Investment during the year (*)'"
FR,capex,10.0427,2017,2017-12-31,annuale,arcep_api,https://www.data.gouv.fr/api/1/datasets/r/f30bc772-7dff-49d6-940e-42865f32a9da,2026-09-24,"Arcep Observatoire, riga 'Investment during the year (*)'"
FR,capex,10.491,2018,2018-12-31,annuale,arcep_api,https://www.data.gouv.fr/api/1/datasets/r/f30bc772-7dff-49d6-940e-42865f32a9da,2026-09-24,"Arcep Observatoire, riga 'Investment during the year (*)'"
FR,capex,12.1185,2019,2019-12-31,annuale,arcep_api,https://www.data.gouv.fr/api/1/datasets/r/f30bc772-7dff-49d6-940e-42865f32a9da,2026-09-24,"Arcep Observatoire, riga 'Investment during the year (*)'"
FR,capex,16.1996,2020,2020-12-31,annuale,arcep_api,https://www.data.gouv.fr/api/1/datasets/r/f30bc772-7dff-49d6-940e-42865f32a9da,2026-09-24,"Arcep Observatoire, riga 'Investment during the year (*)'"
FR,capex,15.5087,2021,2021-12-31,annuale,arcep_api,https://www.data.gouv.fr/api/1/datasets/r/f30bc772-7dff-49d6-940e-42865f32a9da,2026-09-24,"Arcep Observatoire, riga 'Investment during the year (*)'"
FR,capex,14.4073,2022,2022-12-31,annuale,arcep_api,https://www.data.gouv.fr/api/1/datasets/r/f30bc772-7dff-49d6-940e-42865f32a9da,2026-09-24,"Arcep Observatoire, riga 'Investment during the year (*)'"
FR,capex,12.8396,2023,2023-12-31,annuale,arcep_api,https://www.data.gouv.fr/api/1/datasets/r/f30bc772-7dff-49d6-940e-42865f32a9da,2026-09-24,"Arcep Observatoire, riga 'Investment during the year (*)'"
FR,capex,12.329,2024,2024-12-31,annuale,arcep_api,https://www.data.gouv.fr/api/1/datasets/r/f30bc772-7dff-49d6-940e-42865f32a9da,2026-09-24,"Arcep Observatoire, riga 'Investment during the year (*)'"
FR,ftth_subs,0.043463,2008,2008-12-31,annuale,arcep_api,https://www.data.gouv.fr/api/1/datasets/r/f30bc772-7dff-49d6-940e-42865f32a9da,2026-09-24,"Arcep Observatoire, riga 'of wich fiber to the home (FTTH)'"
FR,ftth_subs,0.068642,2009,2009-12-31,annuale,arcep_api,https://www.data.gouv.fr/api/1/datasets/r/f30bc772-7dff-49d6-940e-42865f32a9da,2026-09-24,"Arcep Observatoire, riga 'of wich fiber to the home (FTTH)'"
FR,ftth_subs,0.120329,2010,2010-12-31,annuale,arcep_api,https://www.data.gouv.fr/api/1/datasets/r/f30bc772-7dff-49d6-940e-42865f32a9da,2026-09-24,"Arcep Observatoire, riga 'of wich fiber to the home (FTTH)'"
FR,ftth_subs,0.197395,2011,2011-12-31,annuale,arcep_api,https://www.data.gouv.fr/api/1/datasets/r/f30bc772-7dff-49d6-940e-42865f32a9da,2026-09-24,"Arcep Observatoire, riga 'of wich fiber to the home (FTTH)'"
FR,ftth_subs,0.323807,2012,2012-12-31,annuale,arcep_api,https://www.data.gouv.fr/api/1/datasets/r/f30bc772-7dff-49d6-940e-42865f32a9da,2026-09-24,"Arcep Observatoire, riga 'of wich fiber to the home (FTTH)'"
FR,ftth_subs,0.559,2013,2013-12-31,annuale,arcep_api,https://www.data.gouv.fr/api/1/datasets/r/f30bc772-7dff-49d6-940e-42865f32a9da,2026-09-24,"Arcep Observatoire, riga 'of wich fiber to the home (FTTH)'"
FR,ftth_subs,0.93529,2014,2014-12-31,annuale,arcep_api,https://www.data.gouv.fr/api/1/datasets/r/f30bc772-7dff-49d6-940e-42865f32a9da,2026-09-24,"Arcep Observatoire, riga 'of wich fiber to the home (FTTH)'"
FR,ftth_subs,1.44253,2015,2015-12-31,annuale,arcep_api,https://www.data.gouv.fr/api/1/datasets/r/f30bc772-7dff-49d6-940e-42865f32a9da,2026-09-24,"Arcep Observatoire, riga 'of wich fiber to the home (FTTH)'"
FR,ftth_subs,2.16351,2016,2016-12-31,annuale,arcep_api,https://www.data.gouv.fr/api/1/datasets/r/f30bc772-7dff-49d6-940e-42865f32a9da,2026-09-24,"Arcep Observatoire, riga 'of wich fiber to the home (FTTH)'"
FR,ftth_subs,3.25602,2017,2017-12-31,annuale,arcep_api,https://www.data.gouv.fr/api/1/datasets/r/f30bc772-7dff-49d6-940e-42865f32a9da,2026-09-24,"Arcep Observatoire, riga 'of wich fiber to the home (FTTH)'"
FR,ftth_subs,4.80236,2018,2018-12-31,annuale,arcep_api,https://www.data.gouv.fr/api/1/datasets/r/f30bc772-7dff-49d6-940e-42865f32a9da,2026-09-24,"Arcep Observatoire, riga 'of wich fiber to the home (FTTH)'"
FR,ftth_subs,7.0838,2019,2019-12-31,annuale,arcep_api,https://www.data.gouv.fr/api/1/datasets/r/f30bc772-7dff-49d6-940e-42865f32a9da,2026-09-24,"Arcep Observatoire, riga 'of wich fiber to the home (FTTH)'"
FR,ftth_subs,10.4057,2020,2020-12-31,annuale,arcep_api,https://www.data.gouv.fr/api/1/datasets/r/f30bc772-7dff-49d6-940e-42865f32a9da,2026-09-24,"Arcep Observatoire, riga 'of wich fiber to the home (FTTH)'"
FR,ftth_subs,14.4947,2021,2021-12-31,annuale,arcep_api,https://www.data.gouv.fr/api/1/datasets/r/f30bc772-7dff-49d6-940e-42865f32a9da,2026-09-24,"Arcep Observatoire, riga 'of wich fiber to the home (FTTH)'"
FR,ftth_subs,18.1487,2022,2022-12-31,annuale,arcep_api,https://www.data.gouv.fr/api/1/datasets/r/f30bc772-7dff-49d6-940e-42865f32a9da,2026-09-24,"Arcep Observatoire, riga 'of wich fiber to the home (FTTH)'"
FR,ftth_subs,21.4649,2023,2023-12-31,annuale,arcep_api,https://www.data.gouv.fr/api/1/datasets/r/f30bc772-7dff-49d6-940e-42865f32a9da,2026-09-24,"Arcep Observatoire, riga 'of wich fiber to the home (FTTH)'"
FR,ftth_subs,24.3942,2024,2024-12-31,annuale,arcep_api,https://www.data.gouv.fr/api/1/datasets/r/f30bc772-7dff-49d6-940e-42865f32a9da,2026-09-24,"Arcep Observatoire, riga 'of wich fiber to the home (FTTH)'"
FR,mobile_subs,11.2101,1998,1998-12-31,annuale,arcep_api,https://www.data.gouv.fr/api/1/datasets/r/f30bc772-7dff-49d6-940e-42865f32a9da,2026-09-24,"Arcep Observatoire, riga 'Total number of SIM cards (MtoM cards excluded)'"
FR,mobile_subs,20.5406,1999,1999-12-31,annuale,arcep_api,https://www.data.gouv.fr/api/1/datasets/r/f30bc772-7dff-49d6-940e-42865f32a9da,2026-09-24,"Arcep Observatoire, riga 'Total number of SIM cards (MtoM cards excluded)'"
FR,mobile_subs,22.6456,2000-Q1,2000-03-31,trimestrale,arcep_api,https://www.data.gouv.fr/api/1/datasets/r/1c960cd9-dd71-4593-9651-5bbf407463c5,2026-09-24,"Arcep Observatoire, riga 'Total number of SIM cards (MtoM cards excluded)'"
FR,mobile_subs,24.2952,2000-Q2,2000-06-30,trimestrale,arcep_api,https://www.data.gouv.fr/api/1/datasets/r/1c960cd9-dd71-4593-9651-5bbf407463c5,2026-09-24,"Arcep Observatoire, riga 'Total number of SIM cards (MtoM cards excluded)'"
FR,mobile_subs,26.1985,2000-Q3,2000-09-30,trimestrale,arcep_api,https://www.data.gouv.fr/api/1/datasets/r/1c960cd9-dd71-4593-9651-5bbf407463c5,2026-09-24,"Arcep Observatoire, riga 'Total number of SIM cards (MtoM cards excluded)'"
FR,mobile_subs,29.6138,2000-Q4,2000-12-31,trimestrale,arcep_api,https://www.data.gouv.fr/api/1/datasets/r/1c960cd9-dd71-4593-9651-5bbf407463c5,2026-09-24,"Arcep Observatoire, riga 'Total number of SIM cards (MtoM cards excluded)'"
FR,mobile_subs,31.2575,2001-Q1,2001-03-31,trimestrale,arcep_api,https://www.data.gouv.fr/api/1/datasets/r/1c960cd9-dd71-4593-9651-5bbf407463c5,2026-09-24,"Arcep Observatoire, riga 'Total number of SIM cards (MtoM cards excluded)'"
FR,mobile_subs,33.1918,2001-Q2,2001-06-30,trimestrale,arcep_api,https://www.data.gouv.fr/api/1/datasets/r/1c960cd9-dd71-4593-9651-5bbf407463c5,2026-09-24,"Arcep Observatoire, riga 'Total number of SIM cards (MtoM cards excluded)'"
FR,mobile_subs,34.6475,2001-Q3,2001-09-30,trimestrale,arcep_api,https://www.data.gouv.fr/api/1/datasets/r/1c960cd9-dd71-4593-9651-5bbf407463c5,2026-09-24,"Arcep Observatoire, riga 'Total number of SIM cards (MtoM cards excluded)'"
FR,mobile_subs,37.0263,2001-Q4,2001-12-31,trimestrale,arcep_api,https://www.data.gouv.fr/api/1/datasets/r/1c960cd9-dd71-4593-9651-5bbf407463c5,2026-09-24,"Arcep Observatoire, riga 'Total number of SIM cards (MtoM cards excluded)'"
FR,mobile_subs,37.3226,2002-Q1,2002-03-31,trimestrale,arcep_api,https://www.data.gouv.fr/api/1/datasets/r/1c960cd9-dd71-4593-9651-5bbf407463c5,2026-09-24,"Arcep Observatoire, riga 'Total number of SIM cards (MtoM cards excluded)'"
FR,mobile_subs,37.705,2002-Q2,2002-06-30,trimestrale,arcep_api,https://www.data.gouv.fr/api/1/datasets/r/1c960cd9-dd71-4593-9651-5bbf407463c5,2026-09-24,"Arcep Observatoire, riga 'Total number of SIM cards (MtoM cards excluded)'"
FR,mobile_subs,37.7973,2002-Q3,2002-09-30,trimestrale,arcep_api,https://www.data.gouv.fr/api/1/datasets/r/1c960cd9-dd71-4593-9651-5bbf407463c5,2026-09-24,"Arcep Observatoire, riga 'Total number of SIM cards (MtoM cards excluded)'"
FR,mobile_subs,38.5928,2002-Q4,2002-12-31,trimestrale,arcep_api,https://www.data.gouv.fr/api/1/datasets/r/1c960cd9-dd71-4593-9651-5bbf407463c5,2026-09-24,"Arcep Observatoire, riga 'Total number of SIM cards (MtoM cards excluded)'"
FR,mobile_subs,38.8716,2003-Q1,2003-03-31,trimestrale,arcep_api,https://www.data.gouv.fr/api/1/datasets/r/1c960cd9-dd71-4593-9651-5bbf407463c5,2026-09-24,"Arcep Observatoire, riga 'Total number of SIM cards (MtoM cards excluded)'"
FR,mobile_subs,39.3786,2003-Q2,2003-06-30,trimestrale,arcep_api,https://www.data.gouv.fr/api/1/datasets/r/1c960cd9-dd71-4593-9651-5bbf407463c5,2026-09-24,"Arcep Observatoire, riga 'Total number of SIM cards (MtoM cards excluded)'"
FR,mobile_subs,40.1255,2003-Q3,2003-09-30,trimestrale,arcep_api,https://www.data.gouv.fr/api/1/datasets/r/1c960cd9-dd71-4593-9651-5bbf407463c5,2026-09-24,"Arcep Observatoire, riga 'Total number of SIM cards (MtoM cards excluded)'"
FR,mobile_subs,41.6836,2003-Q4,2003-12-31,trimestrale,arcep_api,https://www.data.gouv.fr/api/1/datasets/r/1c960cd9-dd71-4593-9651-5bbf407463c5,2026-09-24,"Arcep Observatoire, riga 'Total number of SIM cards (MtoM cards excluded)'"
FR,mobile_subs,41.9244,2004-Q1,2004-03-31,trimestrale,arcep_api,https://www.data.gouv.fr/api/1/datasets/r/1c960cd9-dd71-4593-9651-5bbf407463c5,2026-09-24,"Arcep Observatoire, riga 'Total number of SIM cards (MtoM cards excluded)'"
FR,mobile_subs,42.2439,2004-Q2,2004-06-30,trimestrale,arcep_api,https://www.data.gouv.fr/api/1/datasets/r/1c960cd9-dd71-4593-9651-5bbf407463c5,2026-09-24,"Arcep Observatoire, riga 'Total number of SIM cards (MtoM cards excluded)'"
FR,mobile_subs,42.8678,2004-Q3,2004-09-30,trimestrale,arcep_api,https://www.data.gouv.fr/api/1/datasets/r/1c960cd9-dd71-4593-9651-5bbf407463c5,2026-09-24,"Arcep Observatoire, riga 'Total number of SIM cards (MtoM cards excluded)'"
FR,mobile_subs,44.544,2004-Q4,2004-12-31,trimestrale,arcep_api,https://www.data.gouv.fr/api/1/datasets/r/1c960cd9-dd71-4593-9651-5bbf407463c5,2026-09-24,"Arcep Observatoire, riga 'Total number of SIM cards (MtoM cards excluded)'"
FR,mobile_subs,44.9316,2005-Q1,2005-03-31,trimestrale,arcep_api,https://www.data.gouv.fr/api/1/datasets/r/1c960cd9-dd71-4593-9651-5bbf407463c5,2026-09-24,"Arcep Observatoire, riga 'Total number of SIM cards (MtoM cards excluded)'"
FR,mobile_subs,45.3949,2005-Q2,2005-06-30,trimestrale,arcep_api,https://www.data.gouv.fr/api/1/datasets/r/1c960cd9-dd71-4593-9651-5bbf407463c5,2026-09-24,"Arcep Observatoire, riga 'Total number of SIM cards (MtoM cards excluded)'"
FR,mobile_subs,46.09,2005-Q3,2005-09-30,trimestrale,arcep_api,https://www.data.gouv.fr/api/1/datasets/r/1c960cd9-dd71-4593-9651-5bbf407463c5,2026-09-24,"Arcep Observatoire, riga 'Total number of SIM cards (MtoM cards excluded)'"
FR,mobile_subs,48.0979,2005-Q4,2005-12-31,trimestrale,arcep_api,https://www.data.gouv.fr/api/1/datasets/r/1c960cd9-dd71-4593-9651-5bbf407463c5,2026-09-24,"Arcep Observatoire, riga 'Total number of SIM cards (MtoM cards excluded)'"
FR,mobile_subs,48.592,2006-Q1,2006-03-31,trimestrale,arcep_api,https://www.data.gouv.fr/api/1/datasets/r/1c960cd9-dd71-4593-9651-5bbf407463c5,2026-09-24,"Arcep Observatoire, riga 'Total number of SIM cards (MtoM cards excluded)'"
FR,mobile_subs,49.0813,2006-Q2,2006-06-30,trimestrale,arcep_api,https://www.data.gouv.fr/api/1/datasets/r/1c960cd9-dd71-4593-9651-5bbf407463c5,2026-09-24,"Arcep Observatoire, riga 'Total number of SIM cards (MtoM cards excluded)'"
FR,mobile_subs,49.826,2006-Q3,2006-09-30,trimestrale,arcep_api,https://www.data.gouv.fr/api/1/datasets/r/1c960cd9-dd71-4593-9651-5bbf407463c5,2026-09-24,"Arcep Observatoire, riga 'Total number of SIM cards (MtoM cards excluded)'"
FR,mobile_subs,51.662,2006-Q4,2006-12-31,trimestrale,arcep_api,https://www.data.gouv.fr/api/1/datasets/r/1c960cd9-dd71-4593-9651-5bbf407463c5,2026-09-24,"Arcep Observatoire, riga 'Total number of SIM cards (MtoM cards excluded)'"
FR,mobile_subs,52.048,2007-Q1,2007-03-31,trimestrale,arcep_api,https://www.data.gouv.fr/api/1/datasets/r/1c960cd9-dd71-4593-9651-5bbf407463c5,2026-09-24,"Arcep Observatoire, riga 'Total number of SIM cards (MtoM cards excluded)'"
FR,mobile_subs,52.584,2007-Q2,2007-06-30,trimestrale,arcep_api,https://www.data.gouv.fr/api/1/datasets/r/1c960cd9-dd71-4593-9651-5bbf407463c5,2026-09-24,"Arcep Observatoire, riga 'Total number of SIM cards (MtoM cards excluded)'"
FR,mobile_subs,53.18,2007-Q3,2007-09-30,trimestrale,arcep_api,https://www.data.gouv.fr/api/1/datasets/r/1c960cd9-dd71-4593-9651-5bbf407463c5,2026-09-24,"Arcep Observatoire, riga 'Total number of SIM cards (MtoM cards excluded)'"
FR,mobile_subs,55.349,2007-Q4,2007-12-31,trimestrale,arcep_api,https://www.data.gouv.fr/api/1/datasets/r/1c960cd9-dd71-4593-9651-5bbf407463c5,2026-09-24,"Arcep Observatoire, riga 'Total number of SIM cards (MtoM cards excluded)'"
FR,mobile_subs,55.3572,2008-Q1,2008-03-31,trimestrale,arcep_api,https://www.data.gouv.fr/api/1/datasets/r/1c960cd9-dd71-4593-9651-5bbf407463c5,2026-09-24,"Arcep Observatoire, riga 'Total number of SIM cards (MtoM cards excluded)'"
FR,mobile_subs,55.5894,2008-Q2,2008-06-30,trimestrale,arcep_api,https://www.data.gouv.fr/api/1/datasets/r/1c960cd9-dd71-4593-9651-5bbf407463c5,2026-09-24,"Arcep Observatoire, riga 'Total number of SIM cards (MtoM cards excluded)'"
FR,mobile_subs,55.8808,2008-Q3,2008-09-30,trimestrale,arcep_api,https://www.data.gouv.fr/api/1/datasets/r/1c960cd9-dd71-4593-9651-5bbf407463c5,2026-09-24,"Arcep Observatoire, riga 'Total number of SIM cards (MtoM cards excluded)'"
FR,mobile_subs,57.0803,2008-Q4,2008-12-31,trimestrale,arcep_api,https://www.data.gouv.fr/api/1/datasets/r/1c960cd9-dd71-4593-9651-5bbf407463c5,2026-09-24,"Arcep Observatoire, riga 'Total number of SIM cards (MtoM cards excluded)'"
FR,mobile_subs,57.2472,2009-Q1,2009-03-31,trimestrale,arcep_api,https://www.data.gouv.fr/api/1/datasets/r/1c960cd9-dd71-4593-9651-5bbf407463c5,2026-09-24,"Arcep Observatoire, riga 'Total number of SIM cards (MtoM cards excluded)'"
FR,mobile_subs,58.0528,2009-Q2,2009-06-30,trimestrale,arcep_api,https://www.data.gouv.fr/api/1/datasets/r/1c960cd9-dd71-4593-9651-5bbf407463c5,2026-09-24,"Arcep Observatoire, riga 'Total number of SIM cards (MtoM cards excluded)'"
FR,mobile_subs,58.3011,2009-Q3,2009-09-30,trimestrale,arcep_api,https://www.data.gouv.fr/api/1/datasets/r/1c960cd9-dd71-4593-9651-5bbf407463c5,2026-09-24,"Arcep Observatoire, riga 'Total number of SIM cards (MtoM cards excluded)'"
FR,mobile_subs,59.9885,2009-Q4,2009-12-31,trimestrale,arcep_api,https://www.data.gouv.fr/api/1/datasets/r/1c960cd9-dd71-4593-9651-5bbf407463c5,2026-09-24,"Arcep Observatoire, riga 'Total number of SIM cards (MtoM cards excluded)'"
FR,mobile_subs,59.7519,2010-Q1,2010-03-31,trimestrale,arcep_api,https://www.data.gouv.fr/api/1/datasets/r/1c960cd9-dd71-4593-9651-5bbf407463c5,2026-09-24,"Arcep Observatoire, riga 'Total number of SIM cards (MtoM cards excluded)'"
FR,mobile_subs,60.019,2010-Q2,2010-06-30,trimestrale,arcep_api,https://www.data.gouv.fr/api/1/datasets/r/1c960cd9-dd71-4593-9651-5bbf407463c5,2026-09-24,"Arcep Observatoire, riga 'Total number of SIM cards (MtoM cards excluded)'"
FR,mobile_subs,60.7142,2010-Q3,2010-09-30,trimestrale,arcep_api,https://www.data.gouv.fr/api/1/datasets/r/1c960cd9-dd71-4593-9651-5bbf407463c5,2026-09-24,"Arcep Observatoire, riga 'Total number of SIM cards (MtoM cards excluded)'"
FR,mobile_subs,62.4033,2010-Q4,2010-12-31,trimestrale,arcep_api,https://www.data.gouv.fr/api/1/datasets/r/1c960cd9-dd71-4593-9651-5bbf407463c5,2026-09-24,"Arcep Observatoire, riga 'Total number of SIM cards (MtoM cards excluded)'"
FR,mobile_subs,62.633,2011-Q1,2011-03-31,trimestrale,arcep_api,https://www.data.gouv.fr/api/1/datasets/r/1c960cd9-dd71-4593-9651-5bbf407463c5,2026-09-24,"Arcep Observatoire, riga 'Total number of SIM cards (MtoM cards excluded)'"
FR,mobile_subs,62.902,2011-Q2,2011-06-30,trimestrale,arcep_api,https://www.data.gouv.fr/api/1/datasets/r/1c960cd9-dd71-4593-9651-5bbf407463c5,2026-09-24,"Arcep Observatoire, riga 'Total number of SIM cards (MtoM cards excluded)'"
FR,mobile_subs,63.8472,2011-Q3,2011-09-30,trimestrale,arcep_api,https://www.data.gouv.fr/api/1/datasets/r/1c960cd9-dd71-4593-9651-5bbf407463c5,2026-09-24,"Arcep Observatoire, riga 'Total number of SIM cards (MtoM cards excluded)'"
FR,mobile_subs,65.2069,2011-Q4,2011-12-31,trimestrale,arcep_api,https://www.data.gouv.fr/api/1/datasets/r/1c960cd9-dd71-4593-9651-5bbf407463c5,2026-09-24,"Arcep Observatoire, riga 'Total number of SIM cards (MtoM cards excluded)'"
FR,mobile_subs,65.9366,2012-Q1,2012-03-31,trimestrale,arcep_api,https://www.data.gouv.fr/api/1/datasets/r/1c960cd9-dd71-4593-9651-5bbf407463c5,2026-09-24,"Arcep Observatoire, riga 'Total number of SIM cards (MtoM cards excluded)'"
FR,mobile_subs,66.5442,2012-Q2,2012-06-30,trimestrale,arcep_api,https://www.data.gouv.fr/api/1/datasets/r/1c960cd9-dd71-4593-9651-5bbf407463c5,2026-09-24,"Arcep Observatoire, riga 'Total number of SIM cards (MtoM cards excluded)'"
FR,mobile_subs,67.5203,2012-Q3,2012-09-30,trimestrale,arcep_api,https://www.data.gouv.fr/api/1/datasets/r/1c960cd9-dd71-4593-9651-5bbf407463c5,2026-09-24,"Arcep Observatoire, riga 'Total number of SIM cards (MtoM cards excluded)'"
FR,mobile_subs,68.4357,2012-Q4,2012-12-31,trimestrale,arcep_api,https://www.data.gouv.fr/api/1/datasets/r/1c960cd9-dd71-4593-9651-5bbf407463c5,2026-09-24,"Arcep Observatoire, riga 'Total number of SIM cards (MtoM cards excluded)'"
FR,mobile_subs,68.3503,2013-Q1,2013-03-31,trimestrale,arcep_api,https://www.data.gouv.fr/api/1/datasets/r/1c960cd9-dd71-4593-9651-5bbf407463c5,2026-09-24,"Arcep Observatoire, riga 'Total number of SIM cards (MtoM cards excluded)'"
FR,mobile_subs,68.683,2013-Q2,2013-06-30,trimestrale,arcep_api,https://www.data.gouv.fr/api/1/datasets/r/1c960cd9-dd71-4593-9651-5bbf407463c5,2026-09-24,"Arcep Observatoire, riga 'Total number of SIM cards (MtoM cards excluded)'"
FR,mobile_subs,69.0523,2013-Q3,2013-09-30,trimestrale,arcep_api,https://www.data.gouv.fr/api/1/datasets/r/1c960cd9-dd71-4593-9651-5bbf407463c5,2026-09-24,"Arcep Observatoire, riga 'Total number of SIM cards (MtoM cards excluded)'"
FR,mobile_subs,69.9092,2013-Q4,2013-12-31,trimestrale,arcep_api,https://www.data.gouv.fr/api/1/datasets/r/1c960cd9-dd71-4593-9651-5bbf407463c5,2026-09-24,"Arcep Observatoire, riga 'Total number of SIM cards (MtoM cards excluded)'"
FR,mobile_subs,70.2506,2014-Q1,2014-03-31,trimestrale,arcep_api,https://www.data.gouv.fr/api/1/datasets/r/1c960cd9-dd71-4593-9651-5bbf407463c5,2026-09-24,"Arcep Observatoire, riga 'Total number of SIM cards (MtoM cards excluded)'"
FR,mobile_subs,70.6687,2014-Q2,2014-06-30,trimestrale,arcep_api,https://www.data.gouv.fr/api/1/datasets/r/1c960cd9-dd71-4593-9651-5bbf407463c5,2026-09-24,"Arcep Observatoire, riga 'Total number of SIM cards (MtoM cards excluded)'"
FR,mobile_subs,71.357,2014-Q3,2014-09-30,trimestrale,arcep_api,https://www.data.gouv.fr/api/1/datasets/r/1c960cd9-dd71-4593-9651-5bbf407463c5,2026-09-24,"Arcep Observatoire, riga 'Total number of SIM cards (MtoM cards excluded)'"
FR,mobile_subs,71.6752,2014-Q4,2014-12-31,trimestrale,arcep_api,https://www.data.gouv.fr/api/1/datasets/r/1c960cd9-dd71-4593-9651-5bbf407463c5,2026-09-24,"Arcep Observatoire, riga 'Total number of SIM cards (MtoM cards excluded)'"
FR,mobile_subs,71.3162,2015-Q1,2015-03-31,trimestrale,arcep_api,https://www.data.gouv.fr/api/1/datasets/r/1c960cd9-dd71-4593-9651-5bbf407463c5,2026-09-24,"Arcep Observatoire, riga 'Total number of SIM cards (MtoM cards excluded)'"
FR,mobile_subs,71.1274,2015-Q2,2015-06-30,trimestrale,arcep_api,https://www.data.gouv.fr/api/1/datasets/r/1c960cd9-dd71-4593-9651-5bbf407463c5,2026-09-24,"Arcep Observatoire, riga 'Total number of SIM cards (MtoM cards excluded)'"
FR,mobile_subs,71.7462,2015-Q3,2015-09-30,trimestrale,arcep_api,https://www.data.gouv.fr/api/1/datasets/r/1c960cd9-dd71-4593-9651-5bbf407463c5,2026-09-24,"Arcep Observatoire, riga 'Total number of SIM cards (MtoM cards excluded)'"
FR,mobile_subs,72.1041,2015-Q4,2015-12-31,trimestrale,arcep_api,https://www.data.gouv.fr/api/1/datasets/r/1c960cd9-dd71-4593-9651-5bbf407463c5,2026-09-24,"Arcep Observatoire, riga 'Total number of SIM cards (MtoM cards excluded)'"
FR,mobile_subs,71.8261,2016-Q1,2016-03-31,trimestrale,arcep_api,https://www.data.gouv.fr/api/1/datasets/r/1c960cd9-dd71-4593-9651-5bbf407463c5,2026-09-24,"Arcep Observatoire, riga 'Total number of SIM cards (MtoM cards excluded)'"
FR,mobile_subs,71.9266,2016-Q2,2016-06-30,trimestrale,arcep_api,https://www.data.gouv.fr/api/1/datasets/r/1c960cd9-dd71-4593-9651-5bbf407463c5,2026-09-24,"Arcep Observatoire, riga 'Total number of SIM cards (MtoM cards excluded)'"
FR,mobile_subs,72.4947,2016-Q3,2016-09-30,trimestrale,arcep_api,https://www.data.gouv.fr/api/1/datasets/r/1c960cd9-dd71-4593-9651-5bbf407463c5,2026-09-24,"Arcep Observatoire, riga 'Total number of SIM cards (MtoM cards excluded)'"
FR,mobile_subs,72.9651,2016-Q4,2016-12-31,trimestrale,arcep_api,https://www.data.gouv.fr/api/1/datasets/r/1c960cd9-dd71-4593-9651-5bbf407463c5,2026-09-24,"Arcep Observatoire, riga 'Total number of SIM cards (MtoM cards excluded)'"
FR,mobile_subs,73.0389,2017-Q1,2017-03-31,trimestrale,arcep_api,https://www.data.gouv.fr/api/1/datasets/r/1c960cd9-dd71-4593-9651-5bbf407463c5,2026-09-24,"Arcep Observatoire, riga 'Total number of SIM cards (MtoM cards excluded)'"
FR,mobile_subs,73.5012,2017-Q2,2017-06-30,trimestrale,arcep_api,https://www.data.gouv.fr/api/1/datasets/r/1c960cd9-dd71-4593-9651-5bbf407463c5,2026-09-24,"Arcep Observatoire, riga 'Total number of SIM cards (MtoM cards excluded)'"
FR,mobile_subs,74.2006,2017-Q3,2017-09-30,trimestrale,arcep_api,https://www.data.gouv.fr/api/1/datasets/r/1c960cd9-dd71-4593-9651-5bbf407463c5,2026-09-24,"Arcep Observatoire, riga 'Total number of SIM cards (MtoM cards excluded)'"
FR,mobile_subs,74.6031,2017-Q4,2017-12-31,trimestrale,arcep_api,https://www.data.gouv.fr/api/1/datasets/r/1c960cd9-dd71-4593-9651-5bbf407463c5,2026-09-24,"Arcep Observatoire, riga 'Total number of SIM cards (MtoM cards excluded)'"
FR,mobile_subs,74.9734,2018-Q1,2018-03-31,trimestrale,arcep_api,https://www.data.gouv.fr/api/1/datasets/r/1c960cd9-dd71-4593-9651-5bbf407463c5,2026-09-24,"Arcep Observatoire, riga 'Total number of SIM cards (MtoM cards excluded)'"
FR,mobile_subs,74.9603,2018-Q2,2018-06-30,trimestrale,arcep_api,https://www.data.gouv.fr/api/1/datasets/r/1c960cd9-dd71-4593-9651-5bbf407463c5,2026-09-24,"Arcep Observatoire, riga 'Total number of SIM cards (MtoM cards excluded)'"
FR,mobile_subs,75.5013,2018-Q3,2018-09-30,trimestrale,arcep_api,https://www.data.gouv.fr/api/1/datasets/r/1c960cd9-dd71-4593-9651-5bbf407463c5,2026-09-24,"Arcep Observatoire, riga 'Total number of SIM cards (MtoM cards excluded)'"
FR,mobile_subs,75.6296,2018-Q4,2018-12-31,trimestrale,arcep_api,https://www.data.gouv.fr/api/1/datasets/r/1c960cd9-dd71-4593-9651-5bbf407463c5,2026-09-24,"Arcep Observatoire, riga 'Total number of SIM cards (MtoM cards excluded)'"
FR,mobile_subs,75.839,2019-Q1,2019-03-31,trimestrale,arcep_api,https://www.data.gouv.fr/api/1/datasets/r/1c960cd9-dd71-4593-9651-5bbf407463c5,2026-09-24,"Arcep Observatoire, riga 'Total number of SIM cards (MtoM cards excluded)'"
FR,mobile_subs,76.0658,2019-Q2,2019-06-30,trimestrale,arcep_api,https://www.data.gouv.fr/api/1/datasets/r/1c960cd9-dd71-4593-9651-5bbf407463c5,2026-09-24,"Arcep Observatoire, riga 'Total number of SIM cards (MtoM cards excluded)'"
FR,mobile_subs,76.9838,2019-Q3,2019-09-30,trimestrale,arcep_api,https://www.data.gouv.fr/api/1/datasets/r/1c960cd9-dd71-4593-9651-5bbf407463c5,2026-09-24,"Arcep Observatoire, riga 'Total number of SIM cards (MtoM cards excluded)'"
FR,mobile_subs,77.3659,2019-Q4,2019-12-31,trimestrale,arcep_api,https://www.data.gouv.fr/api/1/datasets/r/1c960cd9-dd71-4593-9651-5bbf407463c5,2026-09-24,"Arcep Observatoire, riga 'Total number of SIM cards (MtoM cards excluded)'"
FR,mobile_subs,77.2436,2020-Q1,2020-03-31,trimestrale,arcep_api,https://www.data.gouv.fr/api/1/datasets/r/1c960cd9-dd71-4593-9651-5bbf407463c5,2026-09-24,"Arcep Observatoire, riga 'Total number of SIM cards (MtoM cards excluded)'"
FR,mobile_subs,77.213,2020-Q2,2020-06-30,trimestrale,arcep_api,https://www.data.gouv.fr/api/1/datasets/r/1c960cd9-dd71-4593-9651-5bbf407463c5,2026-09-24,"Arcep Observatoire, riga 'Total number of SIM cards (MtoM cards excluded)'"
FR,mobile_subs,77.7601,2020-Q3,2020-09-30,trimestrale,arcep_api,https://www.data.gouv.fr/api/1/datasets/r/1c960cd9-dd71-4593-9651-5bbf407463c5,2026-09-24,"Arcep Observatoire, riga 'Total number of SIM cards (MtoM cards excluded)'"
FR,mobile_subs,78.3783,2020-Q4,2020-12-31,trimestrale,arcep_api,https://www.data.gouv.fr/api/1/datasets/r/1c960cd9-dd71-4593-9651-5bbf407463c5,2026-09-24,"Arcep Observatoire, riga 'Total number of SIM cards (MtoM cards excluded)'"
FR,mobile_subs,78.7441,2021-Q1,2021-03-31,trimestrale,arcep_api,https://www.data.gouv.fr/api/1/datasets/r/1c960cd9-dd71-4593-9651-5bbf407463c5,2026-09-24,"Arcep Observatoire, riga 'Total number of SIM cards (MtoM cards excluded)'"
FR,mobile_subs,79.2417,2021-Q2,2021-06-30,trimestrale,arcep_api,https://www.data.gouv.fr/api/1/datasets/r/1c960cd9-dd71-4593-9651-5bbf407463c5,2026-09-24,"Arcep Observatoire, riga 'Total number of SIM cards (MtoM cards excluded)'"
FR,mobile_subs,80.0835,2021-Q3,2021-09-30,trimestrale,arcep_api,https://www.data.gouv.fr/api/1/datasets/r/1c960cd9-dd71-4593-9651-5bbf407463c5,2026-09-24,"Arcep Observatoire, riga 'Total number of SIM cards (MtoM cards excluded)'"
FR,mobile_subs,80.6976,2021-Q4,2021-12-31,trimestrale,arcep_api,https://www.data.gouv.fr/api/1/datasets/r/1c960cd9-dd71-4593-9651-5bbf407463c5,2026-09-24,"Arcep Observatoire, riga 'Total number of SIM cards (MtoM cards excluded)'"
FR,mobile_subs,80.9896,2022-Q1,2022-03-31,trimestrale,arcep_api,https://www.data.gouv.fr/api/1/datasets/r/1c960cd9-dd71-4593-9651-5bbf407463c5,2026-09-24,"Arcep Observatoire, riga 'Total number of SIM cards (MtoM cards excluded)'"
FR,mobile_subs,81.5195,2022-Q2,2022-06-30,trimestrale,arcep_api,https://www.data.gouv.fr/api/1/datasets/r/1c960cd9-dd71-4593-9651-5bbf407463c5,2026-09-24,"Arcep Observatoire, riga 'Total number of SIM cards (MtoM cards excluded)'"
FR,mobile_subs,82.5163,2022-Q3,2022-09-30,trimestrale,arcep_api,https://www.data.gouv.fr/api/1/datasets/r/1c960cd9-dd71-4593-9651-5bbf407463c5,2026-09-24,"Arcep Observatoire, riga 'Total number of SIM cards (MtoM cards excluded)'"
FR,mobile_subs,82.7739,2022-Q4,2022-12-31,trimestrale,arcep_api,https://www.data.gouv.fr/api/1/datasets/r/1c960cd9-dd71-4593-9651-5bbf407463c5,2026-09-24,"Arcep Observatoire, riga 'Total number of SIM cards (MtoM cards excluded)'"
FR,mobile_subs,82.7228,2023-Q1,2023-03-31,trimestrale,arcep_api,https://www.data.gouv.fr/api/1/datasets/r/1c960cd9-dd71-4593-9651-5bbf407463c5,2026-09-24,"Arcep Observatoire, riga 'Total number of SIM cards (MtoM cards excluded)'"
FR,mobile_subs,82.8986,2023-Q2,2023-06-30,trimestrale,arcep_api,https://www.data.gouv.fr/api/1/datasets/r/1c960cd9-dd71-4593-9651-5bbf407463c5,2026-09-24,"Arcep Observatoire, riga 'Total number of SIM cards (MtoM cards excluded)'"
FR,mobile_subs,83.3933,2023-Q3,2023-09-30,trimestrale,arcep_api,https://www.data.gouv.fr/api/1/datasets/r/1c960cd9-dd71-4593-9651-5bbf407463c5,2026-09-24,"Arcep Observatoire, riga 'Total number of SIM cards (MtoM cards excluded)'"
FR,mobile_subs,83.3956,2023-Q4,2023-12-31,trimestrale,arcep_api,https://www.data.gouv.fr/api/1/datasets/r/1c960cd9-dd71-4593-9651-5bbf407463c5,2026-09-24,"Arcep Observatoire, riga 'Total number of SIM cards (MtoM cards excluded)'"
FR,mobile_subs,83.2464,2024-Q1,2024-03-31,trimestrale,arcep_api,https://www.data.gouv.fr/api/1/datasets/r/1c960cd9-dd71-4593-9651-5bbf407463c5,2026-09-24,"Arcep Observatoire, riga 'Total number of SIM cards (MtoM cards excluded)'"
FR,mobile_subs,83.3965,2024-Q2,2024-06-30,trimestrale,arcep_api,https://www.data.gouv.fr/api/1/datasets/r/1c960cd9-dd71-4593-9651-5bbf407463c5,2026-09-24,"Arcep Observatoire, riga 'Total number of SIM cards (MtoM cards excluded)'"
FR,mobile_subs,83.8165,2024-Q3,2024-09-30,trimestrale,arcep_api,https://www.data.gouv.fr/api/1/datasets/r/1c960cd9-dd71-4593-9651-5bbf407463c5,2026-09-24,"Arcep Observatoire, riga 'Total number of SIM cards (MtoM cards excluded)'"
FR,mobile_subs,83.8378,2024-Q4,2024-12-31,trimestrale,arcep_api,https://www.data.gouv.fr/api/1/datasets/r/1c960cd9-dd71-4593-9651-5bbf407463c5,2026-09-24,"Arcep Observatoire, riga 'Total number of SIM cards (MtoM cards excluded)'"
FR,mobile_subs,83.9172,2025-Q1,2025-03-31,trimestrale,arcep_api,https://www.data.gouv.fr/api/1/datasets/r/1c960cd9-dd71-4593-9651-5bbf407463c5,2026-09-24,"Arcep Observatoire, riga 'Total number of SIM cards (MtoM cards excluded)'"
FR,mobile_subs,84.0068,2025-Q2,2025-06-30,trimestrale,arcep_api,https://www.data.gouv.fr/api/1/datasets/r/1c960cd9-dd71-4593-9651-5bbf407463c5,2026-09-24,"Arcep Observatoire, riga 'Total number of SIM cards (MtoM cards excluded)'"
FR,mobile_subs,84.5908,2025-Q3,2025-09-30,trimestrale,arcep_api,https://www.data.gouv.fr/api/1/datasets/r/1c960cd9-dd71-4593-9651-5bbf407463c5,2026-09-24,"Arcep Observatoire, riga 'Total number of SIM cards (MtoM cards excluded)'"
FR,mobile_subs,84.8607,2025-Q4,2025-12-31,trimestrale,arcep_api,https://www.data.gouv.fr/api/1/datasets/r/1c960cd9-dd71-4593-9651-5bbf407463c5,2026-09-24,"Arcep Observatoire, riga 'Total number of SIM cards (MtoM cards excluded)'"
FR,mobile_subs,84.7205,2026-Q1,2026-03-31,trimestrale,arcep_api,https://www.data.gouv.fr/api/1/datasets/r/1c960cd9-dd71-4593-9651-5bbf407463c5,2026-09-24,"Arcep Observatoire, riga 'Total number of SIM cards (MtoM cards excluded)'"
ES,fbb_subs,15.9663,2021-08,2021-08-31,mensile,cnmc_api,https://catalogodatos.cnmc.es/dataset/ds_24397_1,2026-09-24,"CNMC dati mensili, somma degli operatori DIGI, Grupo MASMOVIL, Movistar, Orange, Resto, Vodafone"
ES,fbb_subs,16.0592,2021-09,2021-09-30,mensile,cnmc_api,https://catalogodatos.cnmc.es/dataset/ds_24397_1,2026-09-24,"CNMC dati mensili, somma degli operatori DIGI, Grupo MASMOVIL, Movistar, Orange, Resto, Vodafone"
ES,fbb_subs,16.0935,2021-10,2021-10-31,mensile,cnmc_api,https://catalogodatos.cnmc.es/dataset/ds_24397_1,2026-09-24,"CNMC dati mensili, somma degli operatori DIGI, Grupo MASMOVIL, Movistar, Orange, Resto, Vodafone"
ES,fbb_subs,16.1299,2021-11,2021-11-30,mensile,cnmc_api,https://catalogodatos.cnmc.es/dataset/ds_24397_1,2026-09-24,"CNMC dati mensili, somma degli operatori DIGI, Grupo MASMOVIL, Movistar, Orange, Resto, Vodafone"
ES,fbb_subs,16.1551,2021-12,2021-12-31,mensile,cnmc_api,https://catalogodatos.cnmc.es/dataset/ds_24397_1,2026-09-24,"CNMC dati mensili, somma degli operatori DIGI, Grupo MASMOVIL, Movistar, Orange, Resto, Vodafone"
ES,fbb_subs,16.1754,2022-01,2022-01-31,mensile,cnmc_api,https://catalogodatos.cnmc.es/dataset/ds_24397_1,2026-09-24,"CNMC dati mensili, somma degli operatori DIGI, Grupo MASMOVIL, Movistar, Orange, Resto, Vodafone"
ES,fbb_subs,16.1959,2022-02,2022-02-28,mensile,cnmc_api,https://catalogodatos.cnmc.es/dataset/ds_24397_1,2026-09-24,"CNMC dati mensili, somma degli operatori DIGI, Grupo MASMOVIL, Movistar, Orange, Resto, Vodafone"
ES,fbb_subs,16.2412,2022-03,2022-03-31,mensile,cnmc_api,https://catalogodatos.cnmc.es/dataset/ds_24397_1,2026-09-24,"CNMC dati mensili, somma degli operatori DIGI, Grupo MASMOVIL, Movistar, Orange, Resto, Vodafone"
ES,fbb_subs,16.2771,2022-04,2022-04-30,mensile,cnmc_api,https://catalogodatos.cnmc.es/dataset/ds_24397_1,2026-09-24,"CNMC dati mensili, somma degli operatori DIGI, Grupo MASMOVIL, Movistar, Orange, Resto, Vodafone"
ES,fbb_subs,16.3112,2022-05,2022-05-31,mensile,cnmc_api,https://catalogodatos.cnmc.es/dataset/ds_24397_1,2026-09-24,"CNMC dati mensili, somma degli operatori DIGI, Grupo MASMOVIL, Movistar, Orange, Resto, Vodafone"
ES,fbb_subs,16.3285,2022-06,2022-06-30,mensile,cnmc_api,https://catalogodatos.cnmc.es/dataset/ds_24397_1,2026-09-24,"CNMC dati mensili, somma degli operatori DIGI, Grupo MASMOVIL, Movistar, Orange, Resto, Vodafone"
ES,fbb_subs,16.3472,2022-07,2022-07-31,mensile,cnmc_api,https://catalogodatos.cnmc.es/dataset/ds_24397_1,2026-09-24,"CNMC dati mensili, somma degli operatori DIGI, Grupo MASMOVIL, Movistar, Orange, Resto, Vodafone"
ES,fbb_subs,16.3825,2022-08,2022-08-31,mensile,cnmc_api,https://catalogodatos.cnmc.es/dataset/ds_24397_1,2026-09-24,"CNMC dati mensili, somma degli operatori DIGI, Grupo MASMOVIL, Movistar, Orange, Resto, Vodafone"
ES,fbb_subs,16.4668,2022-09,2022-09-30,mensile,cnmc_api,https://catalogodatos.cnmc.es/dataset/ds_24397_1,2026-09-24,"CNMC dati mensili, somma degli operatori DIGI, Grupo MASMOVIL, Movistar, Orange, Resto, Vodafone"
ES,fbb_subs,16.5105,2022-10,2022-10-31,mensile,cnmc_api,https://catalogodatos.cnmc.es/dataset/ds_24397_1,2026-09-24,"CNMC dati mensili, somma degli operatori DIGI, Grupo MASMOVIL, Movistar, Orange, Resto, Vodafone"
ES,fbb_subs,16.5521,2022-11,2022-11-30,mensile,cnmc_api,https://catalogodatos.cnmc.es/dataset/ds_24397_1,2026-09-24,"CNMC dati mensili, somma degli operatori DIGI, Grupo MASMOVIL, Movistar, Orange, Resto, Vodafone"
ES,fbb_subs,16.5809,2022-12,2022-12-31,mensile,cnmc_api,https://catalogodatos.cnmc.es/dataset/ds_24397_1,2026-09-24,"CNMC dati mensili, somma degli operatori DIGI, Grupo MASMOVIL, Movistar, Orange, Resto, Vodafone"
ES,fbb_subs,16.8491,2023-01,2023-01-31,mensile,cnmc_api,https://catalogodatos.cnmc.es/dataset/ds_24397_1,2026-09-24,"CNMC dati mensili, somma degli operatori DIGI, Grupo MASMOVIL, Movistar, Orange, Resto, Vodafone"
ES,fbb_subs,16.8864,2023-02,2023-02-28,mensile,cnmc_api,https://catalogodatos.cnmc.es/dataset/ds_24397_1,2026-09-24,"CNMC dati mensili, somma degli operatori DIGI, Grupo MASMOVIL, Movistar, Orange, Resto, Vodafone"
ES,fbb_subs,16.9323,2023-03,2023-03-31,mensile,cnmc_api,https://catalogodatos.cnmc.es/dataset/ds_24397_1,2026-09-24,"CNMC dati mensili, somma degli operatori DIGI, Grupo MASMOVIL, Movistar, Orange, Resto, Vodafone"
ES,fbb_subs,16.962,2023-04,2023-04-30,mensile,cnmc_api,https://catalogodatos.cnmc.es/dataset/ds_24397_1,2026-09-24,"CNMC dati mensili, somma degli operatori DIGI, Grupo MASMOVIL, Movistar, Orange, Resto, Vodafone"
ES,fbb_subs,17.0104,2023-05,2023-05-31,mensile,cnmc_api,https://catalogodatos.cnmc.es/dataset/ds_24397_1,2026-09-24,"CNMC dati mensili, somma degli operatori DIGI, Grupo MASMOVIL, Movistar, Orange, Resto, Vodafone"
ES,fbb_subs,17.0419,2023-06,2023-06-30,mensile,cnmc_api,https://catalogodatos.cnmc.es/dataset/ds_24397_1,2026-09-24,"CNMC dati mensili, somma degli operatori DIGI, Grupo MASMOVIL, Movistar, Orange, Resto, Vodafone"
ES,fbb_subs,17.0847,2023-07,2023-07-31,mensile,cnmc_api,https://catalogodatos.cnmc.es/dataset/ds_24397_1,2026-09-24,"CNMC dati mensili, somma degli operatori DIGI, Grupo MASMOVIL, Movistar, Orange, Resto, Vodafone"
ES,fbb_subs,17.1183,2023-08,2023-08-31,mensile,cnmc_api,https://catalogodatos.cnmc.es/dataset/ds_24397_1,2026-09-24,"CNMC dati mensili, somma degli operatori DIGI, Grupo MASMOVIL, Movistar, Orange, Resto, Vodafone"
ES,fbb_subs,17.2049,2023-09,2023-09-30,mensile,cnmc_api,https://catalogodatos.cnmc.es/dataset/ds_24397_1,2026-09-24,"CNMC dati mensili, somma degli operatori DIGI, Grupo MASMOVIL, Movistar, Orange, Resto, Vodafone"
ES,fbb_subs,17.2564,2023-10,2023-10-31,mensile,cnmc_api,https://catalogodatos.cnmc.es/dataset/ds_24397_1,2026-09-24,"CNMC dati mensili, somma degli operatori DIGI, Grupo MASMOVIL, Movistar, Orange, Resto, Vodafone"
ES,fbb_subs,17.3,2023-11,2023-11-30,mensile,cnmc_api,https://catalogodatos.cnmc.es/dataset/ds_24397_1,2026-09-24,"CNMC dati mensili, somma degli operatori DIGI, Grupo MASMOVIL, Movistar, Orange, Resto, Vodafone"
ES,fbb_subs,17.3286,2023-12,2023-12-31,mensile,cnmc_api,https://catalogodatos.cnmc.es/dataset/ds_24397_1,2026-09-24,"CNMC dati mensili, somma degli operatori DIGI, Grupo MASMOVIL, Movistar, Orange, Resto, Vodafone"
ES,fbb_subs,17.897,2024-01,2024-01-31,mensile,cnmc_api,https://catalogodatos.cnmc.es/dataset/ds_24397_1,2026-09-24,"CNMC dati mensili, somma degli operatori DIGI, Grupo MASMOVIL, Movistar, Orange, Resto, Vodafone"
ES,fbb_subs,17.9462,2024-02,2024-02-29,mensile,cnmc_api,https://catalogodatos.cnmc.es/dataset/ds_24397_1,2026-09-24,"CNMC dati mensili, somma degli operatori DIGI, Grupo MASMOVIL, Movistar, Orange, Resto, Vodafone"
ES,fbb_subs,17.9848,2024-03,2024-03-31,mensile,cnmc_api,https://catalogodatos.cnmc.es/dataset/ds_24397_1,2026-09-24,"CNMC dati mensili, somma degli operatori DIGI, Grupo MASMOVIL, Movistar, Orange, Resto, Vodafone"
ES,fbb_subs,18.0263,2024-04,2024-04-30,mensile,cnmc_api,https://catalogodatos.cnmc.es/dataset/ds_24397_1,2026-09-24,"CNMC dati mensili, somma degli operatori DIGI, MASORANGE, Movistar, Resto, Vodafone"
ES,fbb_subs,18.0689,2024-05,2024-05-31,mensile,cnmc_api,https://catalogodatos.cnmc.es/dataset/ds_24397_1,2026-09-24,"CNMC dati mensili, somma degli operatori DIGI, MASORANGE, Movistar, Resto, Vodafone"
ES,fbb_subs,18.0994,2024-06,2024-06-30,mensile,cnmc_api,https://catalogodatos.cnmc.es/dataset/ds_24397_1,2026-09-24,"CNMC dati mensili, somma degli operatori DIGI, MASORANGE, Movistar, Resto, Vodafone"
ES,fbb_subs,18.1586,2024-07,2024-07-31,mensile,cnmc_api,https://catalogodatos.cnmc.es/dataset/ds_24397_1,2026-09-24,"CNMC dati mensili, somma degli operatori DIGI, MASORANGE, Movistar, Resto, Vodafone"
ES,fbb_subs,18.2053,2024-08,2024-08-31,mensile,cnmc_api,https://catalogodatos.cnmc.es/dataset/ds_24397_1,2026-09-24,"CNMC dati mensili, somma degli operatori DIGI, MASORANGE, Movistar, Resto, Vodafone"
ES,fbb_subs,18.2496,2024-09,2024-09-30,mensile,cnmc_api,https://catalogodatos.cnmc.es/dataset/ds_24397_1,2026-09-24,"CNMC dati mensili, somma degli operatori DIGI, MASORANGE, Movistar, Resto, Vodafone"
ES,fbb_subs,18.3765,2024-10,2024-10-31,mensile,cnmc_api,https://catalogodatos.cnmc.es/dataset/ds_24397_1,2026-09-24,"CNMC dati mensili, somma degli operatori DIGI, MASORANGE, Movistar, Resto, Vodafone"
ES,fbb_subs,18.4493,2024-11,2024-11-30,mensile,cnmc_api,https://catalogodatos.cnmc.es/dataset/ds_24397_1,2026-09-24,"CNMC dati mensili, somma degli operatori DIGI, MASORANGE, Movistar, Resto, Vodafone"
ES,fbb_subs,18.4877,2024-12,2024-12-31,mensile,cnmc_api,https://catalogodatos.cnmc.es/dataset/ds_24397_1,2026-09-24,"CNMC dati mensili, somma degli operatori DIGI, MASORANGE, Movistar, Resto, Vodafone"
ES,fbb_subs,18.7546,2025-01,2025-01-31,mensile,cnmc_api,https://catalogodatos.cnmc.es/dataset/ds_24397_1,2026-09-24,"CNMC dati mensili, somma degli operatori DIGI, MASORANGE, Movistar, Resto, Vodafone"
ES,fbb_subs,18.8466,2025-02,2025-02-28,mensile,cnmc_api,https://catalogodatos.cnmc.es/dataset/ds_24397_1,2026-09-24,"CNMC dati mensili, somma degli operatori DIGI, MASORANGE, Movistar, Resto, Vodafone"
ES,fbb_subs,18.9736,2025-03,2025-03-31,mensile,cnmc_api,https://catalogodatos.cnmc.es/dataset/ds_24397_1,2026-09-24,"CNMC dati mensili, somma degli operatori DIGI, MASORANGE, Movistar, Resto, Vodafone"
ES,fbb_subs,19.0372,2025-04,2025-04-30,mensile,cnmc_api,https://catalogodatos.cnmc.es/dataset/ds_24397_1,2026-09-24,"CNMC dati mensili, somma degli operatori DIGI, MASORANGE, Movistar, Resto, Vodafone"
ES,fbb_subs,19.1051,2025-05,2025-05-31,mensile,cnmc_api,https://catalogodatos.cnmc.es/dataset/ds_24397_1,2026-09-24,"CNMC dati mensili, somma degli operatori DIGI, MASORANGE, Movistar, Resto, Vodafone"
ES,fbb_subs,19.1774,2025-06,2025-06-30,mensile,cnmc_api,https://catalogodatos.cnmc.es/dataset/ds_24397_1,2026-09-24,"CNMC dati mensili, somma degli operatori DIGI, MASORANGE, Movistar, Resto, Vodafone"
ES,fbb_subs,19.2409,2025-07,2025-07-31,mensile,cnmc_api,https://catalogodatos.cnmc.es/dataset/ds_24397_1,2026-09-24,"CNMC dati mensili, somma degli operatori DIGI, MASORANGE, Movistar, Resto, Vodafone"
ES,fbb_subs,19.2871,2025-08,2025-08-31,mensile,cnmc_api,https://catalogodatos.cnmc.es/dataset/ds_24397_1,2026-09-24,"CNMC dati mensili, somma degli operatori DIGI, MASORANGE, Movistar, Resto, Vodafone"
ES,fbb_subs,19.3906,2025-09,2025-09-30,mensile,cnmc_api,https://catalogodatos.cnmc.es/dataset/ds_24397_1,2026-09-24,"CNMC dati mensili, somma degli operatori DIGI, MASORANGE, Movistar, Resto, Vodafone"
ES,fbb_subs,19.449,2025-10,2025-10-31,mensile,cnmc_api,https://catalogodatos.cnmc.es/dataset/ds_24397_1,2026-09-24,"CNMC dati mensili, somma degli operatori DIGI, MASORANGE, Movistar, Resto, Vodafone"
ES,fbb_subs,19.5062,2025-11,2025-11-30,mensile,cnmc_api,https://catalogodatos.cnmc.es/dataset/ds_24397_1,2026-09-24,"CNMC dati mensili, somma degli operatori DIGI, MASORANGE, Movistar, Resto, Vodafone"
ES,fbb_subs,19.5373,2025-12,2025-12-31,mensile,cnmc_api,https://catalogodatos.cnmc.es/dataset/ds_24397_1,2026-09-24,"CNMC dati mensili, somma degli operatori DIGI, MASORANGE, Movistar, Resto, Vodafone"
ES,fbb_subs,19.597,2026-01,2026-01-31,mensile,cnmc_api,https://catalogodatos.cnmc.es/dataset/ds_24397_1,2026-09-24,"CNMC dati mensili, somma degli operatori DIGI, MASORANGE, Movistar, Resto, Vodafone"
ES,fbb_subs,19.6552,2026-02,2026-02-28,mensile,cnmc_api,https://catalogodatos.cnmc.es/dataset/ds_24397_1,2026-09-24,"CNMC dati mensili, somma degli operatori DIGI, MASORANGE, Movistar, Resto, Vodafone"
ES,fbb_subs,19.7306,2026-03,2026-03-31,mensile,cnmc_api,https://catalogodatos.cnmc.es/dataset/ds_24397_1,2026-09-24,"CNMC dati mensili, somma degli operatori DIGI, MASORANGE, Movistar, Resto, Vodafone"
ES,fbb_subs,19.7835,2026-04,2026-04-30,mensile,cnmc_api,https://catalogodatos.cnmc.es/dataset/ds_24397_1,2026-09-24,"CNMC dati mensili, somma degli operatori DIGI, MASORANGE, Movistar, Resto, Vodafone"
ES,fbb_subs,19.8327,2026-05,2026-05-31,mensile,cnmc_api,https://catalogodatos.cnmc.es/dataset/ds_24397_1,2026-09-24,"CNMC dati mensili, somma degli operatori DIGI, MASORANGE, Movistar, Resto, Vodafone"
ES,fbb_subs,19.928,2026-06,2026-06-30,mensile,cnmc_api,https://catalogodatos.cnmc.es/dataset/ds_24397_1,2026-09-24,"CNMC dati mensili, somma degli operatori DIGI, MASORANGE, Movistar, Resto, Vodafone"
ES,fbb_subs,20.0006,2026-07,2026-07-31,mensile,cnmc_api,https://catalogodatos.cnmc.es/dataset/ds_24397_1,2026-09-24,"CNMC dati mensili, somma degli operatori DIGI, MASORANGE, Movistar, Resto, Vodafone"
ES,ftth_subs,12.2823,2021-08,2021-08-31,mensile,cnmc_api,https://catalogodatos.cnmc.es/dataset/ds_24397_1,2026-09-24,"CNMC dati mensili, somma degli operatori DIGI, Grupo MASMOVIL, Movistar, Orange, Resto, Vodafone"
ES,ftth_subs,12.4357,2021-09,2021-09-30,mensile,cnmc_api,https://catalogodatos.cnmc.es/dataset/ds_24397_1,2026-09-24,"CNMC dati mensili, somma degli operatori DIGI, Grupo MASMOVIL, Movistar, Orange, Resto, Vodafone"
ES,ftth_subs,12.5423,2021-10,2021-10-31,mensile,cnmc_api,https://catalogodatos.cnmc.es/dataset/ds_24397_1,2026-09-24,"CNMC dati mensili, somma degli operatori DIGI, Grupo MASMOVIL, Movistar, Orange, Resto, Vodafone"
ES,ftth_subs,12.6438,2021-11,2021-11-30,mensile,cnmc_api,https://catalogodatos.cnmc.es/dataset/ds_24397_1,2026-09-24,"CNMC dati mensili, somma degli operatori DIGI, Grupo MASMOVIL, Movistar, Orange, Resto, Vodafone"
ES,ftth_subs,12.7278,2021-12,2021-12-31,mensile,cnmc_api,https://catalogodatos.cnmc.es/dataset/ds_24397_1,2026-09-24,"CNMC dati mensili, somma degli operatori DIGI, Grupo MASMOVIL, Movistar, Orange, Resto, Vodafone"
ES,ftth_subs,12.8035,2022-01,2022-01-31,mensile,cnmc_api,https://catalogodatos.cnmc.es/dataset/ds_24397_1,2026-09-24,"CNMC dati mensili, somma degli operatori DIGI, Grupo MASMOVIL, Movistar, Orange, Resto, Vodafone"
ES,ftth_subs,12.8857,2022-02,2022-02-28,mensile,cnmc_api,https://catalogodatos.cnmc.es/dataset/ds_24397_1,2026-09-24,"CNMC dati mensili, somma degli operatori DIGI, Grupo MASMOVIL, Movistar, Orange, Resto, Vodafone"
ES,ftth_subs,12.9847,2022-03,2022-03-31,mensile,cnmc_api,https://catalogodatos.cnmc.es/dataset/ds_24397_1,2026-09-24,"CNMC dati mensili, somma degli operatori DIGI, Grupo MASMOVIL, Movistar, Orange, Resto, Vodafone"
ES,ftth_subs,13.068,2022-04,2022-04-30,mensile,cnmc_api,https://catalogodatos.cnmc.es/dataset/ds_24397_1,2026-09-24,"CNMC dati mensili, somma degli operatori DIGI, Grupo MASMOVIL, Movistar, Orange, Resto, Vodafone"
ES,ftth_subs,13.1589,2022-05,2022-05-31,mensile,cnmc_api,https://catalogodatos.cnmc.es/dataset/ds_24397_1,2026-09-24,"CNMC dati mensili, somma degli operatori DIGI, Grupo MASMOVIL, Movistar, Orange, Resto, Vodafone"
ES,ftth_subs,13.2258,2022-06,2022-06-30,mensile,cnmc_api,https://catalogodatos.cnmc.es/dataset/ds_24397_1,2026-09-24,"CNMC dati mensili, somma degli operatori DIGI, Grupo MASMOVIL, Movistar, Orange, Resto, Vodafone"
ES,ftth_subs,13.2846,2022-07,2022-07-31,mensile,cnmc_api,https://catalogodatos.cnmc.es/dataset/ds_24397_1,2026-09-24,"CNMC dati mensili, somma degli operatori DIGI, Grupo MASMOVIL, Movistar, Orange, Resto, Vodafone"
ES,ftth_subs,13.3641,2022-08,2022-08-31,mensile,cnmc_api,https://catalogodatos.cnmc.es/dataset/ds_24397_1,2026-09-24,"CNMC dati mensili, somma degli operatori DIGI, Grupo MASMOVIL, Movistar, Orange, Resto, Vodafone"
ES,ftth_subs,13.4822,2022-09,2022-09-30,mensile,cnmc_api,https://catalogodatos.cnmc.es/dataset/ds_24397_1,2026-09-24,"CNMC dati mensili, somma degli operatori DIGI, Grupo MASMOVIL, Movistar, Orange, Resto, Vodafone"
ES,ftth_subs,13.579,2022-10,2022-10-31,mensile,cnmc_api,https://catalogodatos.cnmc.es/dataset/ds_24397_1,2026-09-24,"CNMC dati mensili, somma degli operatori DIGI, Grupo MASMOVIL, Movistar, Orange, Resto, Vodafone"
ES,ftth_subs,13.6719,2022-11,2022-11-30,mensile,cnmc_api,https://catalogodatos.cnmc.es/dataset/ds_24397_1,2026-09-24,"CNMC dati mensili, somma degli operatori DIGI, Grupo MASMOVIL, Movistar, Orange, Resto, Vodafone"
ES,ftth_subs,13.7427,2022-12,2022-12-31,mensile,cnmc_api,https://catalogodatos.cnmc.es/dataset/ds_24397_1,2026-09-24,"CNMC dati mensili, somma degli operatori DIGI, Grupo MASMOVIL, Movistar, Orange, Resto, Vodafone"
ES,ftth_subs,13.8326,2023-01,2023-01-31,mensile,cnmc_api,https://catalogodatos.cnmc.es/dataset/ds_24397_1,2026-09-24,"CNMC dati mensili, somma degli operatori DIGI, Grupo MASMOVIL, Movistar, Orange, Resto, Vodafone"
ES,ftth_subs,13.9173,2023-02,2023-02-28,mensile,cnmc_api,https://catalogodatos.cnmc.es/dataset/ds_24397_1,2026-09-24,"CNMC dati mensili, somma degli operatori DIGI, Grupo MASMOVIL, Movistar, Orange, Resto, Vodafone"
ES,ftth_subs,14.0277,2023-03,2023-03-31,mensile,cnmc_api,https://catalogodatos.cnmc.es/dataset/ds_24397_1,2026-09-24,"CNMC dati mensili, somma degli operatori DIGI, Grupo MASMOVIL, Movistar, Orange, Resto, Vodafone"
ES,ftth_subs,14.1052,2023-04,2023-04-30,mensile,cnmc_api,https://catalogodatos.cnmc.es/dataset/ds_24397_1,2026-09-24,"CNMC dati mensili, somma degli operatori DIGI, Grupo MASMOVIL, Movistar, Orange, Resto, Vodafone"
ES,ftth_subs,14.2086,2023-05,2023-05-31,mensile,cnmc_api,https://catalogodatos.cnmc.es/dataset/ds_24397_1,2026-09-24,"CNMC dati mensili, somma degli operatori DIGI, Grupo MASMOVIL, Movistar, Orange, Resto, Vodafone"
ES,ftth_subs,14.2882,2023-06,2023-06-30,mensile,cnmc_api,https://catalogodatos.cnmc.es/dataset/ds_24397_1,2026-09-24,"CNMC dati mensili, somma degli operatori DIGI, Grupo MASMOVIL, Movistar, Orange, Resto, Vodafone"
ES,ftth_subs,14.363,2023-07,2023-07-31,mensile,cnmc_api,https://catalogodatos.cnmc.es/dataset/ds_24397_1,2026-09-24,"CNMC dati mensili, somma degli operatori DIGI, Grupo MASMOVIL, Movistar, Orange, Resto, Vodafone"
ES,ftth_subs,14.4369,2023-08,2023-08-31,mensile,cnmc_api,https://catalogodatos.cnmc.es/dataset/ds_24397_1,2026-09-24,"CNMC dati mensili, somma degli operatori DIGI, Grupo MASMOVIL, Movistar, Orange, Resto, Vodafone"
ES,ftth_subs,14.5655,2023-09,2023-09-30,mensile,cnmc_api,https://catalogodatos.cnmc.es/dataset/ds_24397_1,2026-09-24,"CNMC dati mensili, somma degli operatori DIGI, Grupo MASMOVIL, Movistar, Orange, Resto, Vodafone"
ES,ftth_subs,14.6709,2023-10,2023-10-31,mensile,cnmc_api,https://catalogodatos.cnmc.es/dataset/ds_24397_1,2026-09-24,"CNMC dati mensili, somma degli operatori DIGI, Grupo MASMOVIL, Movistar, Orange, Resto, Vodafone"
ES,ftth_subs,14.7699,2023-11,2023-11-30,mensile,cnmc_api,https://catalogodatos.cnmc.es/dataset/ds_24397_1,2026-09-24,"CNMC dati mensili, somma degli operatori DIGI, Grupo MASMOVIL, Movistar, Orange, Resto, Vodafone"
ES,ftth_subs,14.8423,2023-12,2023-12-31,mensile,cnmc_api,https://catalogodatos.cnmc.es/dataset/ds_24397_1,2026-09-24,"CNMC dati mensili, somma degli operatori DIGI, Grupo MASMOVIL, Movistar, Orange, Resto, Vodafone"
ES,ftth_subs,15.4965,2024-01,2024-01-31,mensile,cnmc_api,https://catalogodatos.cnmc.es/dataset/ds_24397_1,2026-09-24,"CNMC dati mensili, somma degli operatori DIGI, Grupo MASMOVIL, Movistar, Orange, Resto, Vodafone"
ES,ftth_subs,15.5995,2024-02,2024-02-29,mensile,cnmc_api,https://catalogodatos.cnmc.es/dataset/ds_24397_1,2026-09-24,"CNMC dati mensili, somma degli operatori DIGI, Grupo MASMOVIL, Movistar, Orange, Resto, Vodafone"
ES,ftth_subs,15.7154,2024-03,2024-03-31,mensile,cnmc_api,https://catalogodatos.cnmc.es/dataset/ds_24397_1,2026-09-24,"CNMC dati mensili, somma degli operatori DIGI, Grupo MASMOVIL, Movistar, Orange, Resto, Vodafone"
ES,ftth_subs,15.8096,2024-04,2024-04-30,mensile,cnmc_api,https://catalogodatos.cnmc.es/dataset/ds_24397_1,2026-09-24,"CNMC dati mensili, somma degli operatori DIGI, MASORANGE, Movistar, Resto, Vodafone"
ES,ftth_subs,15.902,2024-05,2024-05-31,mensile,cnmc_api,https://catalogodatos.cnmc.es/dataset/ds_24397_1,2026-09-24,"CNMC dati mensili, somma degli operatori DIGI, MASORANGE, Movistar, Resto, Vodafone"
ES,ftth_subs,15.9537,2024-06,2024-06-30,mensile,cnmc_api,https://catalogodatos.cnmc.es/dataset/ds_24397_1,2026-09-24,"CNMC dati mensili, somma degli operatori DIGI, MASORANGE, Movistar, Resto, Vodafone"
ES,ftth_subs,16.051,2024-07,2024-07-31,mensile,cnmc_api,https://catalogodatos.cnmc.es/dataset/ds_24397_1,2026-09-24,"CNMC dati mensili, somma degli operatori DIGI, MASORANGE, Movistar, Resto, Vodafone"
ES,ftth_subs,16.1268,2024-08,2024-08-31,mensile,cnmc_api,https://catalogodatos.cnmc.es/dataset/ds_24397_1,2026-09-24,"CNMC dati mensili, somma degli operatori DIGI, MASORANGE, Movistar, Resto, Vodafone"
ES,ftth_subs,16.1805,2024-09,2024-09-30,mensile,cnmc_api,https://catalogodatos.cnmc.es/dataset/ds_24397_1,2026-09-24,"CNMC dati mensili, somma degli operatori DIGI, MASORANGE, Movistar, Resto, Vodafone"
ES,ftth_subs,16.3309,2024-10,2024-10-31,mensile,cnmc_api,https://catalogodatos.cnmc.es/dataset/ds_24397_1,2026-09-24,"CNMC dati mensili, somma degli operatori DIGI, MASORANGE, Movistar, Resto, Vodafone"
ES,ftth_subs,16.4285,2024-11,2024-11-30,mensile,cnmc_api,https://catalogodatos.cnmc.es/dataset/ds_24397_1,2026-09-24,"CNMC dati mensili, somma degli operatori DIGI, MASORANGE, Movistar, Resto, Vodafone"
ES,ftth_subs,16.4879,2024-12,2024-12-31,mensile,cnmc_api,https://catalogodatos.cnmc.es/dataset/ds_24397_1,2026-09-24,"CNMC dati mensili, somma degli operatori DIGI, MASORANGE, Movistar, Resto, Vodafone"
ES,ftth_subs,16.7748,2025-01,2025-01-31,mensile,cnmc_api,https://catalogodatos.cnmc.es/dataset/ds_24397_1,2026-09-24,"CNMC dati mensili, somma degli operatori DIGI, MASORANGE, Movistar, Resto, Vodafone"
ES,ftth_subs,16.8784,2025-02,2025-02-28,mensile,cnmc_api,https://catalogodatos.cnmc.es/dataset/ds_24397_1,2026-09-24,"CNMC dati mensili, somma degli operatori DIGI, MASORANGE, Movistar, Resto, Vodafone"
ES,ftth_subs,17.0272,2025-03,2025-03-31,mensile,cnmc_api,https://catalogodatos.cnmc.es/dataset/ds_24397_1,2026-09-24,"CNMC dati mensili, somma degli operatori DIGI, MASORANGE, Movistar, Resto, Vodafone"
ES,ftth_subs,17.1164,2025-04,2025-04-30,mensile,cnmc_api,https://catalogodatos.cnmc.es/dataset/ds_24397_1,2026-09-24,"CNMC dati mensili, somma degli operatori DIGI, MASORANGE, Movistar, Resto, Vodafone"
ES,ftth_subs,17.2138,2025-05,2025-05-31,mensile,cnmc_api,https://catalogodatos.cnmc.es/dataset/ds_24397_1,2026-09-24,"CNMC dati mensili, somma degli operatori DIGI, MASORANGE, Movistar, Resto, Vodafone"
ES,ftth_subs,17.3397,2025-06,2025-06-30,mensile,cnmc_api,https://catalogodatos.cnmc.es/dataset/ds_24397_1,2026-09-24,"CNMC dati mensili, somma degli operatori DIGI, MASORANGE, Movistar, Resto, Vodafone"
ES,ftth_subs,17.4199,2025-07,2025-07-31,mensile,cnmc_api,https://catalogodatos.cnmc.es/dataset/ds_24397_1,2026-09-24,"CNMC dati mensili, somma degli operatori DIGI, MASORANGE, Movistar, Resto, Vodafone"
ES,ftth_subs,17.4781,2025-08,2025-08-31,mensile,cnmc_api,https://catalogodatos.cnmc.es/dataset/ds_24397_1,2026-09-24,"CNMC dati mensili, somma degli operatori DIGI, MASORANGE, Movistar, Resto, Vodafone"
ES,ftth_subs,17.5945,2025-09,2025-09-30,mensile,cnmc_api,https://catalogodatos.cnmc.es/dataset/ds_24397_1,2026-09-24,"CNMC dati mensili, somma degli operatori DIGI, MASORANGE, Movistar, Resto, Vodafone"
ES,ftth_subs,17.6708,2025-10,2025-10-31,mensile,cnmc_api,https://catalogodatos.cnmc.es/dataset/ds_24397_1,2026-09-24,"CNMC dati mensili, somma degli operatori DIGI, MASORANGE, Movistar, Resto, Vodafone"
ES,ftth_subs,17.7456,2025-11,2025-11-30,mensile,cnmc_api,https://catalogodatos.cnmc.es/dataset/ds_24397_1,2026-09-24,"CNMC dati mensili, somma degli operatori DIGI, MASORANGE, Movistar, Resto, Vodafone"
ES,ftth_subs,17.7927,2025-12,2025-12-31,mensile,cnmc_api,https://catalogodatos.cnmc.es/dataset/ds_24397_1,2026-09-24,"CNMC dati mensili, somma degli operatori DIGI, MASORANGE, Movistar, Resto, Vodafone"
ES,ftth_subs,17.8666,2026-01,2026-01-31,mensile,cnmc_api,https://catalogodatos.cnmc.es/dataset/ds_24397_1,2026-09-24,"CNMC dati mensili, somma degli operatori DIGI, MASORANGE, Movistar, Resto, Vodafone"
ES,ftth_subs,17.9427,2026-02,2026-02-28,mensile,cnmc_api,https://catalogodatos.cnmc.es/dataset/ds_24397_1,2026-09-24,"CNMC dati mensili, somma degli operatori DIGI, MASORANGE, Movistar, Resto, Vodafone"
ES,ftth_subs,18.0216,2026-03,2026-03-31,mensile,cnmc_api,https://catalogodatos.cnmc.es/dataset/ds_24397_1,2026-09-24,"CNMC dati mensili, somma degli operatori DIGI, MASORANGE, Movistar, Resto, Vodafone"
ES,ftth_subs,18.0781,2026-04,2026-04-30,mensile,cnmc_api,https://catalogodatos.cnmc.es/dataset/ds_24397_1,2026-09-24,"CNMC dati mensili, somma degli operatori DIGI, MASORANGE, Movistar, Resto, Vodafone"
ES,ftth_subs,18.1386,2026-05,2026-05-31,mensile,cnmc_api,https://catalogodatos.cnmc.es/dataset/ds_24397_1,2026-09-24,"CNMC dati mensili, somma degli operatori DIGI, MASORANGE, Movistar, Resto, Vodafone"
ES,ftth_subs,18.2225,2026-06,2026-06-30,mensile,cnmc_api,https://catalogodatos.cnmc.es/dataset/ds_24397_1,2026-09-24,"CNMC dati mensili, somma degli operatori DIGI, MASORANGE, Movistar, Resto, Vodafone"
ES,ftth_subs,18.2873,2026-07,2026-07-31,mensile,cnmc_api,https://catalogodatos.cnmc.es/dataset/ds_24397_1,2026-09-24,"CNMC dati mensili, somma degli operatori DIGI, MASORANGE, Movistar, Resto, Vodafone"
ES,mobile_rev,13.361,12 mesi a 2006-Q4,2006-12-31,annuale mobile,cnmc_api,https://catalogodatos.cnmc.es/dataset/ds_24285_1,2026-09-24,"CNMC Datos generales, 'Telefonía móvil + Banda Ancha móvil', somma di 4 trimestri"
ES,mobile_rev,13.7809,12 mesi a 2007-Q1,2007-03-31,annuale mobile,cnmc_api,https://catalogodatos.cnmc.es/dataset/ds_24285_1,2026-09-24,"CNMC Datos generales, 'Telefonía móvil + Banda Ancha móvil', somma di 4 trimestri"
ES,mobile_rev,14.25,12 mesi a 2007-Q2,2007-06-30,annuale mobile,cnmc_api,https://catalogodatos.cnmc.es/dataset/ds_24285_1,2026-09-24,"CNMC Datos generales, 'Telefonía móvil + Banda Ancha móvil', somma di 4 trimestri"
ES,mobile_rev,14.6162,12 mesi a 2007-Q3,2007-09-30,annuale mobile,cnmc_api,https://catalogodatos.cnmc.es/dataset/ds_24285_1,2026-09-24,"CNMC Datos generales, 'Telefonía móvil + Banda Ancha móvil', somma di 4 trimestri"
ES,mobile_rev,14.9026,12 mesi a 2007-Q4,2007-12-31,annuale mobile,cnmc_api,https://catalogodatos.cnmc.es/dataset/ds_24285_1,2026-09-24,"CNMC Datos generales, 'Telefonía móvil + Banda Ancha móvil', somma di 4 trimestri"
ES,mobile_rev,15.1369,12 mesi a 2008-Q1,2008-03-31,annuale mobile,cnmc_api,https://catalogodatos.cnmc.es/dataset/ds_24285_1,2026-09-24,"CNMC Datos generales, 'Telefonía móvil + Banda Ancha móvil', somma di 4 trimestri"
ES,mobile_rev,15.1587,12 mesi a 2008-Q2,2008-06-30,annuale mobile,cnmc_api,https://catalogodatos.cnmc.es/dataset/ds_24285_1,2026-09-24,"CNMC Datos generales, 'Telefonía móvil + Banda Ancha móvil', somma di 4 trimestri"
ES,mobile_rev,15.1537,12 mesi a 2008-Q3,2008-09-30,annuale mobile,cnmc_api,https://catalogodatos.cnmc.es/dataset/ds_24285_1,2026-09-24,"CNMC Datos generales, 'Telefonía móvil + Banda Ancha móvil', somma di 4 trimestri"
ES,mobile_rev,15.0794,12 mesi a 2008-Q4,2008-12-31,annuale mobile,cnmc_api,https://catalogodatos.cnmc.es/dataset/ds_24285_1,2026-09-24,"CNMC Datos generales, 'Telefonía móvil + Banda Ancha móvil', somma di 4 trimestri"
ES,mobile_rev,14.8925,12 mesi a 2009-Q1,2009-03-31,annuale mobile,cnmc_api,https://catalogodatos.cnmc.es/dataset/ds_24285_1,2026-09-24,"CNMC Datos generales, 'Telefonía móvil + Banda Ancha móvil', somma di 4 trimestri"
ES,mobile_rev,14.74,12 mesi a 2009-Q2,2009-06-30,annuale mobile,cnmc_api,https://catalogodatos.cnmc.es/dataset/ds_24285_1,2026-09-24,"CNMC Datos generales, 'Telefonía móvil + Banda Ancha móvil', somma di 4 trimestri"
ES,mobile_rev,14.6355,12 mesi a 2009-Q3,2009-09-30,annuale mobile,cnmc_api,https://catalogodatos.cnmc.es/dataset/ds_24285_1,2026-09-24,"CNMC Datos generales, 'Telefonía móvil + Banda Ancha móvil', somma di 4 trimestri"
ES,mobile_rev,14.5433,12 mesi a 2009-Q4,2009-12-31,annuale mobile,cnmc_api,https://catalogodatos.cnmc.es/dataset/ds_24285_1,2026-09-24,"CNMC Datos generales, 'Telefonía móvil + Banda Ancha móvil', somma di 4 trimestri"
ES,mobile_rev,14.4322,12 mesi a 2010-Q1,2010-03-31,annuale mobile,cnmc_api,https://catalogodatos.cnmc.es/dataset/ds_24285_1,2026-09-24,"CNMC Datos generales, 'Telefonía móvil + Banda Ancha móvil', somma di 4 trimestri"
ES,mobile_rev,14.3224,12 mesi a 2010-Q2,2010-06-30,annuale mobile,cnmc_api,https://catalogodatos.cnmc.es/dataset/ds_24285_1,2026-09-24,"CNMC Datos generales, 'Telefonía móvil + Banda Ancha móvil', somma di 4 trimestri"
ES,mobile_rev,14.1904,12 mesi a 2010-Q3,2010-09-30,annuale mobile,cnmc_api,https://catalogodatos.cnmc.es/dataset/ds_24285_1,2026-09-24,"CNMC Datos generales, 'Telefonía móvil + Banda Ancha móvil', somma di 4 trimestri"
ES,mobile_rev,14.0153,12 mesi a 2010-Q4,2010-12-31,annuale mobile,cnmc_api,https://catalogodatos.cnmc.es/dataset/ds_24285_1,2026-09-24,"CNMC Datos generales, 'Telefonía móvil + Banda Ancha móvil', somma di 4 trimestri"
ES,mobile_rev,13.9196,12 mesi a 2011-Q1,2011-03-31,annuale mobile,cnmc_api,https://catalogodatos.cnmc.es/dataset/ds_24285_1,2026-09-24,"CNMC Datos generales, 'Telefonía móvil + Banda Ancha móvil', somma di 4 trimestri"
ES,mobile_rev,13.7969,12 mesi a 2011-Q2,2011-06-30,annuale mobile,cnmc_api,https://catalogodatos.cnmc.es/dataset/ds_24285_1,2026-09-24,"CNMC Datos generales, 'Telefonía móvil + Banda Ancha móvil', somma di 4 trimestri"
ES,mobile_rev,13.6679,12 mesi a 2011-Q3,2011-09-30,annuale mobile,cnmc_api,https://catalogodatos.cnmc.es/dataset/ds_24285_1,2026-09-24,"CNMC Datos generales, 'Telefonía móvil + Banda Ancha móvil', somma di 4 trimestri"
ES,mobile_rev,13.4928,12 mesi a 2011-Q4,2011-12-31,annuale mobile,cnmc_api,https://catalogodatos.cnmc.es/dataset/ds_24285_1,2026-09-24,"CNMC Datos generales, 'Telefonía móvil + Banda Ancha móvil', somma di 4 trimestri"
ES,mobile_rev,13.2488,12 mesi a 2012-Q1,2012-03-31,annuale mobile,cnmc_api,https://catalogodatos.cnmc.es/dataset/ds_24285_1,2026-09-24,"CNMC Datos generales, 'Telefonía móvil + Banda Ancha móvil', somma di 4 trimestri"
ES,mobile_rev,12.9073,12 mesi a 2012-Q2,2012-06-30,annuale mobile,cnmc_api,https://catalogodatos.cnmc.es/dataset/ds_24285_1,2026-09-24,"CNMC Datos generales, 'Telefonía móvil + Banda Ancha móvil', somma di 4 trimestri"
ES,mobile_rev,12.4962,12 mesi a 2012-Q3,2012-09-30,annuale mobile,cnmc_api,https://catalogodatos.cnmc.es/dataset/ds_24285_1,2026-09-24,"CNMC Datos generales, 'Telefonía móvil + Banda Ancha móvil', somma di 4 trimestri"
ES,mobile_rev,12.1283,12 mesi a 2012-Q4,2012-12-31,annuale mobile,cnmc_api,https://catalogodatos.cnmc.es/dataset/ds_24285_1,2026-09-24,"CNMC Datos generales, 'Telefonía móvil + Banda Ancha móvil', somma di 4 trimestri"
ES,mobile_rev,11.7732,12 mesi a 2013-Q1,2013-03-31,annuale mobile,cnmc_api,https://catalogodatos.cnmc.es/dataset/ds_24285_1,2026-09-24,"CNMC Datos generales, 'Telefonía móvil + Banda Ancha móvil', somma di 4 trimestri"
ES,mobile_rev,11.4656,12 mesi a 2013-Q2,2013-06-30,annuale mobile,cnmc_api,https://catalogodatos.cnmc.es/dataset/ds_24285_1,2026-09-24,"CNMC Datos generales, 'Telefonía móvil + Banda Ancha móvil', somma di 4 trimestri"
ES,mobile_rev,11.09,12 mesi a 2013-Q3,2013-09-30,annuale mobile,cnmc_api,https://catalogodatos.cnmc.es/dataset/ds_24285_1,2026-09-24,"CNMC Datos generales, 'Telefonía móvil + Banda Ancha móvil', somma di 4 trimestri"
ES,mobile_rev,10.7457,12 mesi a 2013-Q4,2013-12-31,annuale mobile,cnmc_api,https://catalogodatos.cnmc.es/dataset/ds_24285_1,2026-09-24,"CNMC Datos generales, 'Telefonía móvil + Banda Ancha móvil', somma di 4 trimestri"
ES,mobile_rev,10.4633,12 mesi a 2014-Q1,2014-03-31,annuale mobile,cnmc_api,https://catalogodatos.cnmc.es/dataset/ds_24285_1,2026-09-24,"CNMC Datos generales, 'Telefonía móvil + Banda Ancha móvil', somma di 4 trimestri"
ES,mobile_rev,10.1317,12 mesi a 2014-Q2,2014-06-30,annuale mobile,cnmc_api,https://catalogodatos.cnmc.es/dataset/ds_24285_1,2026-09-24,"CNMC Datos generales, 'Telefonía móvil + Banda Ancha móvil', somma di 4 trimestri"
ES,mobile_rev,9.84557,12 mesi a 2014-Q3,2014-09-30,annuale mobile,cnmc_api,https://catalogodatos.cnmc.es/dataset/ds_24285_1,2026-09-24,"CNMC Datos generales, 'Telefonía móvil + Banda Ancha móvil', somma di 4 trimestri"
ES,mobile_rev,9.61869,12 mesi a 2014-Q4,2014-12-31,annuale mobile,cnmc_api,https://catalogodatos.cnmc.es/dataset/ds_24285_1,2026-09-24,"CNMC Datos generales, 'Telefonía móvil + Banda Ancha móvil', somma di 4 trimestri"
ES,mobile_rev,9.40733,12 mesi a 2015-Q1,2015-03-31,annuale mobile,cnmc_api,https://catalogodatos.cnmc.es/dataset/ds_24285_1,2026-09-24,"CNMC Datos generales, 'Telefonía móvil + Banda Ancha móvil', somma di 4 trimestri"
ES,mobile_rev,9.23597,12 mesi a 2015-Q2,2015-06-30,annuale mobile,cnmc_api,https://catalogodatos.cnmc.es/dataset/ds_24285_1,2026-09-24,"CNMC Datos generales, 'Telefonía móvil + Banda Ancha móvil', somma di 4 trimestri"
ES,mobile_rev,9.13693,12 mesi a 2015-Q3,2015-09-30,annuale mobile,cnmc_api,https://catalogodatos.cnmc.es/dataset/ds_24285_1,2026-09-24,"CNMC Datos generales, 'Telefonía móvil + Banda Ancha móvil', somma di 4 trimestri"
ES,mobile_rev,9.05853,12 mesi a 2015-Q4,2015-12-31,annuale mobile,cnmc_api,https://catalogodatos.cnmc.es/dataset/ds_24285_1,2026-09-24,"CNMC Datos generales, 'Telefonía móvil + Banda Ancha móvil', somma di 4 trimestri"
ES,mobile_rev,9.0265,12 mesi a 2016-Q1,2016-03-31,annuale mobile,cnmc_api,https://catalogodatos.cnmc.es/dataset/ds_24285_1,2026-09-24,"CNMC Datos generales, 'Telefonía móvil + Banda Ancha móvil', somma di 4 trimestri"
ES,mobile_rev,9.04256,12 mesi a 2016-Q2,2016-06-30,annuale mobile,cnmc_api,https://catalogodatos.cnmc.es/dataset/ds_24285_1,2026-09-24,"CNMC Datos generales, 'Telefonía móvil + Banda Ancha móvil', somma di 4 trimestri"
ES,mobile_rev,9.04256,12 mesi a 2016-Q3,2016-09-30,annuale mobile,cnmc_api,https://catalogodatos.cnmc.es/dataset/ds_24285_1,2026-09-24,"CNMC Datos generales, 'Telefonía móvil + Banda Ancha móvil', somma di 4 trimestri"
ES,mobile_rev,9.01711,12 mesi a 2016-Q4,2016-12-31,annuale mobile,cnmc_api,https://catalogodatos.cnmc.es/dataset/ds_24285_1,2026-09-24,"CNMC Datos generales, 'Telefonía móvil + Banda Ancha móvil', somma di 4 trimestri"
ES,mobile_rev,9.0162,12 mesi a 2017-Q1,2017-03-31,annuale mobile,cnmc_api,https://catalogodatos.cnmc.es/dataset/ds_24285_1,2026-09-24,"CNMC Datos generales, 'Telefonía móvil + Banda Ancha móvil', somma di 4 trimestri"
ES,mobile_rev,9.05231,12 mesi a 2017-Q2,2017-06-30,annuale mobile,cnmc_api,https://catalogodatos.cnmc.es/dataset/ds_24285_1,2026-09-24,"CNMC Datos generales, 'Telefonía móvil + Banda Ancha móvil', somma di 4 trimestri"
ES,mobile_rev,9.09008,12 mesi a 2017-Q3,2017-09-30,annuale mobile,cnmc_api,https://catalogodatos.cnmc.es/dataset/ds_24285_1,2026-09-24,"CNMC Datos generales, 'Telefonía móvil + Banda Ancha móvil', somma di 4 trimestri"
ES,mobile_rev,9.1326,12 mesi a 2017-Q4,2017-12-31,annuale mobile,cnmc_api,https://catalogodatos.cnmc.es/dataset/ds_24285_1,2026-09-24,"CNMC Datos generales, 'Telefonía móvil + Banda Ancha móvil', somma di 4 trimestri"
ES,mobile_rev,9.22475,12 mesi a 2018-Q1,2018-03-31,annuale mobile,cnmc_api,https://catalogodatos.cnmc.es/dataset/ds_24285_1,2026-09-24,"CNMC Datos generales, 'Telefonía móvil + Banda Ancha móvil', somma di 4 trimestri"
ES,mobile_rev,9.32142,12 mesi a 2018-Q2,2018-06-30,annuale mobile,cnmc_api,https://catalogodatos.cnmc.es/dataset/ds_24285_1,2026-09-24,"CNMC Datos generales, 'Telefonía móvil + Banda Ancha móvil', somma di 4 trimestri"
ES,mobile_rev,9.35027,12 mesi a 2018-Q3,2018-09-30,annuale mobile,cnmc_api,https://catalogodatos.cnmc.es/dataset/ds_24285_1,2026-09-24,"CNMC Datos generales, 'Telefonía móvil + Banda Ancha móvil', somma di 4 trimestri"
ES,mobile_rev,9.39096,12 mesi a 2018-Q4,2018-12-31,annuale mobile,cnmc_api,https://catalogodatos.cnmc.es/dataset/ds_24285_1,2026-09-24,"CNMC Datos generales, 'Telefonía móvil + Banda Ancha móvil', somma di 4 trimestri"
ES,mobile_rev,9.40279,12 mesi a 2019-Q1,2019-03-31,annuale mobile,cnmc_api,https://catalogodatos.cnmc.es/dataset/ds_24285_1,2026-09-24,"CNMC Datos generales, 'Telefonía móvil + Banda Ancha móvil', somma di 4 trimestri"
ES,mobile_rev,9.32459,12 mesi a 2019-Q2,2019-06-30,annuale mobile,cnmc_api,https://catalogodatos.cnmc.es/dataset/ds_24285_1,2026-09-24,"CNMC Datos generales, 'Telefonía móvil + Banda Ancha móvil', somma di 4 trimestri"
ES,mobile_rev,9.30526,12 mesi a 2019-Q3,2019-09-30,annuale mobile,cnmc_api,https://catalogodatos.cnmc.es/dataset/ds_24285_1,2026-09-24,"CNMC Datos generales, 'Telefonía móvil + Banda Ancha móvil', somma di 4 trimestri"
ES,mobile_rev,9.33658,12 mesi a 2019-Q4,2019-12-31,annuale mobile,cnmc_api,https://catalogodatos.cnmc.es/dataset/ds_24285_1,2026-09-24,"CNMC Datos generales, 'Telefonía móvil + Banda Ancha móvil', somma di 4 trimestri"
ES,mobile_rev,9.32607,12 mesi a 2020-Q1,2020-03-31,annuale mobile,cnmc_api,https://catalogodatos.cnmc.es/dataset/ds_24285_1,2026-09-24,"CNMC Datos generales, 'Telefonía móvil + Banda Ancha móvil', somma di 4 trimestri"
ES,mobile_rev,9.29612,12 mesi a 2020-Q2,2020-06-30,annuale mobile,cnmc_api,https://catalogodatos.cnmc.es/dataset/ds_24285_1,2026-09-24,"CNMC Datos generales, 'Telefonía móvil + Banda Ancha móvil', somma di 4 trimestri"
ES,mobile_rev,9.23299,12 mesi a 2020-Q3,2020-09-30,annuale mobile,cnmc_api,https://catalogodatos.cnmc.es/dataset/ds_24285_1,2026-09-24,"CNMC Datos generales, 'Telefonía móvil + Banda Ancha móvil', somma di 4 trimestri"
ES,mobile_rev,9.14769,12 mesi a 2020-Q4,2020-12-31,annuale mobile,cnmc_api,https://catalogodatos.cnmc.es/dataset/ds_24285_1,2026-09-24,"CNMC Datos generales, 'Telefonía móvil + Banda Ancha móvil', somma di 4 trimestri"
ES,mobile_rev,8.99197,12 mesi a 2021-Q1,2021-03-31,annuale mobile,cnmc_api,https://catalogodatos.cnmc.es/dataset/ds_24285_1,2026-09-24,"CNMC Datos generales, 'Telefonía móvil + Banda Ancha móvil', somma di 4 trimestri"
ES,mobile_rev,8.79774,12 mesi a 2021-Q2,2021-06-30,annuale mobile,cnmc_api,https://catalogodatos.cnmc.es/dataset/ds_24285_1,2026-09-24,"CNMC Datos generales, 'Telefonía móvil + Banda Ancha móvil', somma di 4 trimestri"
ES,mobile_rev,8.60117,12 mesi a 2021-Q3,2021-09-30,annuale mobile,cnmc_api,https://catalogodatos.cnmc.es/dataset/ds_24285_1,2026-09-24,"CNMC Datos generales, 'Telefonía móvil + Banda Ancha móvil', somma di 4 trimestri"
ES,mobile_rev,8.4402,12 mesi a 2021-Q4,2021-12-31,annuale mobile,cnmc_api,https://catalogodatos.cnmc.es/dataset/ds_24285_1,2026-09-24,"CNMC Datos generales, 'Telefonía móvil + Banda Ancha móvil', somma di 4 trimestri"
ES,mobile_rev,8.36719,12 mesi a 2022-Q1,2022-03-31,annuale mobile,cnmc_api,https://catalogodatos.cnmc.es/dataset/ds_24285_1,2026-09-24,"CNMC Datos generales, 'Telefonía móvil + Banda Ancha móvil', somma di 4 trimestri"
ES,mobile_rev,8.32569,12 mesi a 2022-Q2,2022-06-30,annuale mobile,cnmc_api,https://catalogodatos.cnmc.es/dataset/ds_24285_1,2026-09-24,"CNMC Datos generales, 'Telefonía móvil + Banda Ancha móvil', somma di 4 trimestri"
ES,mobile_rev,8.27605,12 mesi a 2022-Q3,2022-09-30,annuale mobile,cnmc_api,https://catalogodatos.cnmc.es/dataset/ds_24285_1,2026-09-24,"CNMC Datos generales, 'Telefonía móvil + Banda Ancha móvil', somma di 4 trimestri"
ES,mobile_rev,8.20667,12 mesi a 2022-Q4,2022-12-31,annuale mobile,cnmc_api,https://catalogodatos.cnmc.es/dataset/ds_24285_1,2026-09-24,"CNMC Datos generales, 'Telefonía móvil + Banda Ancha móvil', somma di 4 trimestri"
ES,mobile_rev,8.20116,12 mesi a 2023-Q1,2023-03-31,annuale mobile,cnmc_api,https://catalogodatos.cnmc.es/dataset/ds_24285_1,2026-09-24,"CNMC Datos generales, 'Telefonía móvil + Banda Ancha móvil', somma di 4 trimestri"
ES,mobile_rev,8.21493,12 mesi a 2023-Q2,2023-06-30,annuale mobile,cnmc_api,https://catalogodatos.cnmc.es/dataset/ds_24285_1,2026-09-24,"CNMC Datos generales, 'Telefonía móvil + Banda Ancha móvil', somma di 4 trimestri"
ES,mobile_rev,8.20529,12 mesi a 2023-Q3,2023-09-30,annuale mobile,cnmc_api,https://catalogodatos.cnmc.es/dataset/ds_24285_1,2026-09-24,"CNMC Datos generales, 'Telefonía móvil + Banda Ancha móvil', somma di 4 trimestri"
ES,mobile_rev,8.20063,12 mesi a 2023-Q4,2023-12-31,annuale mobile,cnmc_api,https://catalogodatos.cnmc.es/dataset/ds_24285_1,2026-09-24,"CNMC Datos generales, 'Telefonía móvil + Banda Ancha móvil', somma di 4 trimestri"
ES,mobile_rev,8.16927,12 mesi a 2024-Q1,2024-03-31,annuale mobile,cnmc_api,https://catalogodatos.cnmc.es/dataset/ds_24285_1,2026-09-24,"CNMC Datos generales, 'Telefonía móvil + Banda Ancha móvil', somma di 4 trimestri"
ES,mobile_rev,8.12303,12 mesi a 2024-Q2,2024-06-30,annuale mobile,cnmc_api,https://catalogodatos.cnmc.es/dataset/ds_24285_1,2026-09-24,"CNMC Datos generales, 'Telefonía móvil + Banda Ancha móvil', somma di 4 trimestri"
ES,mobile_rev,8.07094,12 mesi a 2024-Q3,2024-09-30,annuale mobile,cnmc_api,https://catalogodatos.cnmc.es/dataset/ds_24285_1,2026-09-24,"CNMC Datos generales, 'Telefonía móvil + Banda Ancha móvil', somma di 4 trimestri"
ES,mobile_rev,8.02828,12 mesi a 2024-Q4,2024-12-31,annuale mobile,cnmc_api,https://catalogodatos.cnmc.es/dataset/ds_24285_1,2026-09-24,"CNMC Datos generales, 'Telefonía móvil + Banda Ancha móvil', somma di 4 trimestri"
ES,mobile_rev,7.96835,12 mesi a 2025-Q1,2025-03-31,annuale mobile,cnmc_api,https://catalogodatos.cnmc.es/dataset/ds_24285_1,2026-09-24,"CNMC Datos generales, 'Telefonía móvil + Banda Ancha móvil', somma di 4 trimestri"
ES,mobile_rev,7.92679,12 mesi a 2025-Q2,2025-06-30,annuale mobile,cnmc_api,https://catalogodatos.cnmc.es/dataset/ds_24285_1,2026-09-24,"CNMC Datos generales, 'Telefonía móvil + Banda Ancha móvil', somma di 4 trimestri"
ES,mobile_rev,7.88854,12 mesi a 2025-Q3,2025-09-30,annuale mobile,cnmc_api,https://catalogodatos.cnmc.es/dataset/ds_24285_1,2026-09-24,"CNMC Datos generales, 'Telefonía móvil + Banda Ancha móvil', somma di 4 trimestri"
ES,mobile_rev,7.86035,12 mesi a 2025-Q4,2025-12-31,annuale mobile,cnmc_api,https://catalogodatos.cnmc.es/dataset/ds_24285_1,2026-09-24,"CNMC Datos generales, 'Telefonía móvil + Banda Ancha móvil', somma di 4 trimestri"
ES,mobile_rev,7.84422,12 mesi a 2026-Q1,2026-03-31,annuale mobile,cnmc_api,https://catalogodatos.cnmc.es/dataset/ds_24285_1,2026-09-24,"CNMC Datos generales, 'Telefonía móvil + Banda Ancha móvil', somma di 4 trimestri"
ES,mobile_subs,8.32868,2021-08,2021-08-31,mensile,cnmc_api,https://catalogodatos.cnmc.es/dataset/ds_24397_1,2026-09-24,"CNMC dati mensili, somma per terminal_de_telefonia_movil"
ES,mobile_subs,8.45832,2021-09,2021-09-30,mensile,cnmc_api,https://catalogodatos.cnmc.es/dataset/ds_24397_1,2026-09-24,"CNMC dati mensili, somma per terminal_de_telefonia_movil"
ES,mobile_subs,8.72449,2021-10,2021-10-31,mensile,cnmc_api,https://catalogodatos.cnmc.es/dataset/ds_24397_1,2026-09-24,"CNMC dati mensili, somma per terminal_de_telefonia_movil"
ES,mobile_subs,8.78876,2021-11,2021-11-30,mensile,cnmc_api,https://catalogodatos.cnmc.es/dataset/ds_24397_1,2026-09-24,"CNMC dati mensili, somma per terminal_de_telefonia_movil"
ES,mobile_subs,8.86425,2021-12,2021-12-31,mensile,cnmc_api,https://catalogodatos.cnmc.es/dataset/ds_24397_1,2026-09-24,"CNMC dati mensili, somma per terminal_de_telefonia_movil"
ES,mobile_subs,8.97646,2022-01,2022-01-31,mensile,cnmc_api,https://catalogodatos.cnmc.es/dataset/ds_24397_1,2026-09-24,"CNMC dati mensili, somma per terminal_de_telefonia_movil"
ES,mobile_subs,9.09479,2022-02,2022-02-28,mensile,cnmc_api,https://catalogodatos.cnmc.es/dataset/ds_24397_1,2026-09-24,"CNMC dati mensili, somma per terminal_de_telefonia_movil"
ES,mobile_subs,9.20282,2022-03,2022-03-31,mensile,cnmc_api,https://catalogodatos.cnmc.es/dataset/ds_24397_1,2026-09-24,"CNMC dati mensili, somma per terminal_de_telefonia_movil"
ES,mobile_subs,9.30149,2022-04,2022-04-30,mensile,cnmc_api,https://catalogodatos.cnmc.es/dataset/ds_24397_1,2026-09-24,"CNMC dati mensili, somma per terminal_de_telefonia_movil"
ES,mobile_subs,9.42915,2022-05,2022-05-31,mensile,cnmc_api,https://catalogodatos.cnmc.es/dataset/ds_24397_1,2026-09-24,"CNMC dati mensili, somma per terminal_de_telefonia_movil"
ES,mobile_subs,9.40708,2022-06,2022-06-30,mensile,cnmc_api,https://catalogodatos.cnmc.es/dataset/ds_24397_1,2026-09-24,"CNMC dati mensili, somma per terminal_de_telefonia_movil"
ES,mobile_subs,9.51867,2022-07,2022-07-31,mensile,cnmc_api,https://catalogodatos.cnmc.es/dataset/ds_24397_1,2026-09-24,"CNMC dati mensili, somma per terminal_de_telefonia_movil"
ES,mobile_subs,9.58441,2022-08,2022-08-31,mensile,cnmc_api,https://catalogodatos.cnmc.es/dataset/ds_24397_1,2026-09-24,"CNMC dati mensili, somma per terminal_de_telefonia_movil"
ES,mobile_subs,9.67876,2022-09,2022-09-30,mensile,cnmc_api,https://catalogodatos.cnmc.es/dataset/ds_24397_1,2026-09-24,"CNMC dati mensili, somma per terminal_de_telefonia_movil"
ES,mobile_subs,9.7446,2022-10,2022-10-31,mensile,cnmc_api,https://catalogodatos.cnmc.es/dataset/ds_24397_1,2026-09-24,"CNMC dati mensili, somma per terminal_de_telefonia_movil"
ES,mobile_subs,9.82913,2022-11,2022-11-30,mensile,cnmc_api,https://catalogodatos.cnmc.es/dataset/ds_24397_1,2026-09-24,"CNMC dati mensili, somma per terminal_de_telefonia_movil"
ES,mobile_subs,9.89961,2022-12,2022-12-31,mensile,cnmc_api,https://catalogodatos.cnmc.es/dataset/ds_24397_1,2026-09-24,"CNMC dati mensili, somma per terminal_de_telefonia_movil"
ES,mobile_subs,9.98754,2023-01,2023-01-31,mensile,cnmc_api,https://catalogodatos.cnmc.es/dataset/ds_24397_1,2026-09-24,"CNMC dati mensili, somma per terminal_de_telefonia_movil"
ES,mobile_subs,10.1339,2023-02,2023-02-28,mensile,cnmc_api,https://catalogodatos.cnmc.es/dataset/ds_24397_1,2026-09-24,"CNMC dati mensili, somma per terminal_de_telefonia_movil"
ES,mobile_subs,10.2574,2023-03,2023-03-31,mensile,cnmc_api,https://catalogodatos.cnmc.es/dataset/ds_24397_1,2026-09-24,"CNMC dati mensili, somma per terminal_de_telefonia_movil"
ES,mobile_subs,10.3716,2023-04,2023-04-30,mensile,cnmc_api,https://catalogodatos.cnmc.es/dataset/ds_24397_1,2026-09-24,"CNMC dati mensili, somma per terminal_de_telefonia_movil"
ES,mobile_subs,10.5606,2023-05,2023-05-31,mensile,cnmc_api,https://catalogodatos.cnmc.es/dataset/ds_24397_1,2026-09-24,"CNMC dati mensili, somma per terminal_de_telefonia_movil"
ES,mobile_subs,10.7316,2023-06,2023-06-30,mensile,cnmc_api,https://catalogodatos.cnmc.es/dataset/ds_24397_1,2026-09-24,"CNMC dati mensili, somma per terminal_de_telefonia_movil"
ES,mobile_subs,10.8867,2023-07,2023-07-31,mensile,cnmc_api,https://catalogodatos.cnmc.es/dataset/ds_24397_1,2026-09-24,"CNMC dati mensili, somma per terminal_de_telefonia_movil"
ES,mobile_subs,11.0424,2023-08,2023-08-31,mensile,cnmc_api,https://catalogodatos.cnmc.es/dataset/ds_24397_1,2026-09-24,"CNMC dati mensili, somma per terminal_de_telefonia_movil"
ES,mobile_subs,11.1488,2023-09,2023-09-30,mensile,cnmc_api,https://catalogodatos.cnmc.es/dataset/ds_24397_1,2026-09-24,"CNMC dati mensili, somma per terminal_de_telefonia_movil"
ES,mobile_subs,11.2831,2023-10,2023-10-31,mensile,cnmc_api,https://catalogodatos.cnmc.es/dataset/ds_24397_1,2026-09-24,"CNMC dati mensili, somma per terminal_de_telefonia_movil"
ES,mobile_subs,11.4275,2023-11,2023-11-30,mensile,cnmc_api,https://catalogodatos.cnmc.es/dataset/ds_24397_1,2026-09-24,"CNMC dati mensili, somma per terminal_de_telefonia_movil"
ES,mobile_subs,11.417,2023-12,2023-12-31,mensile,cnmc_api,https://catalogodatos.cnmc.es/dataset/ds_24397_1,2026-09-24,"CNMC dati mensili, somma per terminal_de_telefonia_movil"
ES,mobile_subs,15.6559,2024-01,2024-01-31,mensile,cnmc_api,https://catalogodatos.cnmc.es/dataset/ds_24397_1,2026-09-24,"CNMC dati mensili, somma per terminal_de_telefonia_movil"
ES,mobile_subs,15.7879,2024-02,2024-02-29,mensile,cnmc_api,https://catalogodatos.cnmc.es/dataset/ds_24397_1,2026-09-24,"CNMC dati mensili, somma per terminal_de_telefonia_movil"
ES,mobile_subs,16.1128,2024-03,2024-03-31,mensile,cnmc_api,https://catalogodatos.cnmc.es/dataset/ds_24397_1,2026-09-24,"CNMC dati mensili, somma per terminal_de_telefonia_movil"
ES,mobile_subs,16.4066,2024-04,2024-04-30,mensile,cnmc_api,https://catalogodatos.cnmc.es/dataset/ds_24397_1,2026-09-24,"CNMC dati mensili, somma per terminal_de_telefonia_movil"
ES,mobile_subs,16.652,2024-05,2024-05-31,mensile,cnmc_api,https://catalogodatos.cnmc.es/dataset/ds_24397_1,2026-09-24,"CNMC dati mensili, somma per terminal_de_telefonia_movil"
ES,mobile_subs,16.9363,2024-06,2024-06-30,mensile,cnmc_api,https://catalogodatos.cnmc.es/dataset/ds_24397_1,2026-09-24,"CNMC dati mensili, somma per terminal_de_telefonia_movil"
ES,mobile_subs,17.3368,2024-07,2024-07-31,mensile,cnmc_api,https://catalogodatos.cnmc.es/dataset/ds_24397_1,2026-09-24,"CNMC dati mensili, somma per terminal_de_telefonia_movil"
ES,mobile_subs,17.4522,2024-08,2024-08-31,mensile,cnmc_api,https://catalogodatos.cnmc.es/dataset/ds_24397_1,2026-09-24,"CNMC dati mensili, somma per terminal_de_telefonia_movil"
ES,mobile_subs,17.7999,2024-09,2024-09-30,mensile,cnmc_api,https://catalogodatos.cnmc.es/dataset/ds_24397_1,2026-09-24,"CNMC dati mensili, somma per terminal_de_telefonia_movil"
ES,mobile_subs,17.8911,2024-10,2024-10-31,mensile,cnmc_api,https://catalogodatos.cnmc.es/dataset/ds_24397_1,2026-09-24,"CNMC dati mensili, somma per terminal_de_telefonia_movil"
ES,mobile_subs,18.2479,2024-11,2024-11-30,mensile,cnmc_api,https://catalogodatos.cnmc.es/dataset/ds_24397_1,2026-09-24,"CNMC dati mensili, somma per terminal_de_telefonia_movil"
ES,mobile_subs,19.0228,2024-12,2024-12-31,mensile,cnmc_api,https://catalogodatos.cnmc.es/dataset/ds_24397_1,2026-09-24,"CNMC dati mensili, somma per terminal_de_telefonia_movil"
ES,mobile_subs,19.5471,2025-01,2025-01-31,mensile,cnmc_api,https://catalogodatos.cnmc.es/dataset/ds_24397_1,2026-09-24,"CNMC dati mensili, somma per terminal_de_telefonia_movil"
ES,mobile_subs,20.0152,2025-02,2025-02-28,mensile,cnmc_api,https://catalogodatos.cnmc.es/dataset/ds_24397_1,2026-09-24,"CNMC dati mensili, somma per terminal_de_telefonia_movil"
ES,mobile_subs,20.7873,2025-03,2025-03-31,mensile,cnmc_api,https://catalogodatos.cnmc.es/dataset/ds_24397_1,2026-09-24,"CNMC dati mensili, somma per terminal_de_telefonia_movil"
ES,mobile_subs,22.3564,2025-04,2025-04-30,mensile,cnmc_api,https://catalogodatos.cnmc.es/dataset/ds_24397_1,2026-09-24,"CNMC dati mensili, somma per terminal_de_telefonia_movil"
ES,mobile_subs,24.0235,2025-05,2025-05-31,mensile,cnmc_api,https://catalogodatos.cnmc.es/dataset/ds_24397_1,2026-09-24,"CNMC dati mensili, somma per terminal_de_telefonia_movil"
ES,mobile_subs,25.106,2025-06,2025-06-30,mensile,cnmc_api,https://catalogodatos.cnmc.es/dataset/ds_24397_1,2026-09-24,"CNMC dati mensili, somma per terminal_de_telefonia_movil"
ES,mobile_subs,27.1338,2025-07,2025-07-31,mensile,cnmc_api,https://catalogodatos.cnmc.es/dataset/ds_24397_1,2026-09-24,"CNMC dati mensili, somma per terminal_de_telefonia_movil"
ES,mobile_subs,28.7004,2025-08,2025-08-31,mensile,cnmc_api,https://catalogodatos.cnmc.es/dataset/ds_24397_1,2026-09-24,"CNMC dati mensili, somma per terminal_de_telefonia_movil"
ES,mobile_subs,30.3186,2025-09,2025-09-30,mensile,cnmc_api,https://catalogodatos.cnmc.es/dataset/ds_24397_1,2026-09-24,"CNMC dati mensili, somma per terminal_de_telefonia_movil"
ES,mobile_subs,32.541,2025-10,2025-10-31,mensile,cnmc_api,https://catalogodatos.cnmc.es/dataset/ds_24397_1,2026-09-24,"CNMC dati mensili, somma per terminal_de_telefonia_movil"
ES,mobile_subs,37.1947,2025-11,2025-11-30,mensile,cnmc_api,https://catalogodatos.cnmc.es/dataset/ds_24397_1,2026-09-24,"CNMC dati mensili, somma per terminal_de_telefonia_movil"
ES,mobile_subs,41.7558,2025-12,2025-12-31,mensile,cnmc_api,https://catalogodatos.cnmc.es/dataset/ds_24397_1,2026-09-24,"CNMC dati mensili, somma per terminal_de_telefonia_movil"
ES,mobile_subs,47.9875,2026-01,2026-01-31,mensile,cnmc_api,https://catalogodatos.cnmc.es/dataset/ds_24397_1,2026-09-24,"CNMC dati mensili, somma per terminal_de_telefonia_movil"
ES,mobile_subs,52.6861,2026-02,2026-02-28,mensile,cnmc_api,https://catalogodatos.cnmc.es/dataset/ds_24397_1,2026-09-24,"CNMC dati mensili, somma per terminal_de_telefonia_movil"
ES,mobile_subs,54.4703,2026-03,2026-03-31,mensile,cnmc_api,https://catalogodatos.cnmc.es/dataset/ds_24397_1,2026-09-24,"CNMC dati mensili, somma per terminal_de_telefonia_movil"
ES,mobile_subs,55.604,2026-04,2026-04-30,mensile,cnmc_api,https://catalogodatos.cnmc.es/dataset/ds_24397_1,2026-09-24,"CNMC dati mensili, somma per terminal_de_telefonia_movil"
ES,mobile_subs,56.6919,2026-05,2026-05-31,mensile,cnmc_api,https://catalogodatos.cnmc.es/dataset/ds_24397_1,2026-09-24,"CNMC dati mensili, somma per terminal_de_telefonia_movil"
ES,mobile_subs,56.9505,2026-06,2026-06-30,mensile,cnmc_api,https://catalogodatos.cnmc.es/dataset/ds_24397_1,2026-09-24,"CNMC dati mensili, somma per terminal_de_telefonia_movil"
ES,mobile_subs,57.6729,2026-07,2026-07-31,mensile,cnmc_api,https://catalogodatos.cnmc.es/dataset/ds_24397_1,2026-09-24,"CNMC dati mensili, somma per terminal_de_telefonia_movil"
ES,rev_retail,33.4694,12 mesi a 2006-Q4,2006-12-31,annuale mobile,cnmc_api,https://catalogodatos.cnmc.es/dataset/ds_24285_1,2026-09-24,"CNMC Datos generales, somma dei ricavi sul mercato minorista, 4 trimestri"
ES,rev_retail,34.0771,12 mesi a 2007-Q1,2007-03-31,annuale mobile,cnmc_api,https://catalogodatos.cnmc.es/dataset/ds_24285_1,2026-09-24,"CNMC Datos generales, somma dei ricavi sul mercato minorista, 4 trimestri"
ES,rev_retail,34.7419,12 mesi a 2007-Q2,2007-06-30,annuale mobile,cnmc_api,https://catalogodatos.cnmc.es/dataset/ds_24285_1,2026-09-24,"CNMC Datos generales, somma dei ricavi sul mercato minorista, 4 trimestri"
ES,rev_retail,35.1088,12 mesi a 2007-Q3,2007-09-30,annuale mobile,cnmc_api,https://catalogodatos.cnmc.es/dataset/ds_24285_1,2026-09-24,"CNMC Datos generales, somma dei ricavi sul mercato minorista, 4 trimestri"
ES,rev_retail,35.541,12 mesi a 2007-Q4,2007-12-31,annuale mobile,cnmc_api,https://catalogodatos.cnmc.es/dataset/ds_24285_1,2026-09-24,"CNMC Datos generales, somma dei ricavi sul mercato minorista, 4 trimestri"
ES,rev_retail,35.7458,12 mesi a 2008-Q1,2008-03-31,annuale mobile,cnmc_api,https://catalogodatos.cnmc.es/dataset/ds_24285_1,2026-09-24,"CNMC Datos generales, somma dei ricavi sul mercato minorista, 4 trimestri"
ES,rev_retail,35.8032,12 mesi a 2008-Q2,2008-06-30,annuale mobile,cnmc_api,https://catalogodatos.cnmc.es/dataset/ds_24285_1,2026-09-24,"CNMC Datos generales, somma dei ricavi sul mercato minorista, 4 trimestri"
ES,rev_retail,36.0229,12 mesi a 2008-Q3,2008-09-30,annuale mobile,cnmc_api,https://catalogodatos.cnmc.es/dataset/ds_24285_1,2026-09-24,"CNMC Datos generales, somma dei ricavi sul mercato minorista, 4 trimestri"
ES,rev_retail,35.8291,12 mesi a 2008-Q4,2008-12-31,annuale mobile,cnmc_api,https://catalogodatos.cnmc.es/dataset/ds_24285_1,2026-09-24,"CNMC Datos generales, somma dei ricavi sul mercato minorista, 4 trimestri"
ES,rev_retail,35.3932,12 mesi a 2009-Q1,2009-03-31,annuale mobile,cnmc_api,https://catalogodatos.cnmc.es/dataset/ds_24285_1,2026-09-24,"CNMC Datos generales, somma dei ricavi sul mercato minorista, 4 trimestri"
ES,rev_retail,34.6716,12 mesi a 2009-Q2,2009-06-30,annuale mobile,cnmc_api,https://catalogodatos.cnmc.es/dataset/ds_24285_1,2026-09-24,"CNMC Datos generales, somma dei ricavi sul mercato minorista, 4 trimestri"
ES,rev_retail,34.0346,12 mesi a 2009-Q3,2009-09-30,annuale mobile,cnmc_api,https://catalogodatos.cnmc.es/dataset/ds_24285_1,2026-09-24,"CNMC Datos generales, somma dei ricavi sul mercato minorista, 4 trimestri"
ES,rev_retail,33.7605,12 mesi a 2009-Q4,2009-12-31,annuale mobile,cnmc_api,https://catalogodatos.cnmc.es/dataset/ds_24285_1,2026-09-24,"CNMC Datos generales, somma dei ricavi sul mercato minorista, 4 trimestri"
ES,rev_retail,33.3681,12 mesi a 2010-Q1,2010-03-31,annuale mobile,cnmc_api,https://catalogodatos.cnmc.es/dataset/ds_24285_1,2026-09-24,"CNMC Datos generales, somma dei ricavi sul mercato minorista, 4 trimestri"
ES,rev_retail,33.1758,12 mesi a 2010-Q2,2010-06-30,annuale mobile,cnmc_api,https://catalogodatos.cnmc.es/dataset/ds_24285_1,2026-09-24,"CNMC Datos generales, somma dei ricavi sul mercato minorista, 4 trimestri"
ES,rev_retail,33.081,12 mesi a 2010-Q3,2010-09-30,annuale mobile,cnmc_api,https://catalogodatos.cnmc.es/dataset/ds_24285_1,2026-09-24,"CNMC Datos generales, somma dei ricavi sul mercato minorista, 4 trimestri"
ES,rev_retail,32.6142,12 mesi a 2010-Q4,2010-12-31,annuale mobile,cnmc_api,https://catalogodatos.cnmc.es/dataset/ds_24285_1,2026-09-24,"CNMC Datos generales, somma dei ricavi sul mercato minorista, 4 trimestri"
ES,rev_retail,32.4305,12 mesi a 2011-Q1,2011-03-31,annuale mobile,cnmc_api,https://catalogodatos.cnmc.es/dataset/ds_24285_1,2026-09-24,"CNMC Datos generales, somma dei ricavi sul mercato minorista, 4 trimestri"
ES,rev_retail,32.0801,12 mesi a 2011-Q2,2011-06-30,annuale mobile,cnmc_api,https://catalogodatos.cnmc.es/dataset/ds_24285_1,2026-09-24,"CNMC Datos generales, somma dei ricavi sul mercato minorista, 4 trimestri"
ES,rev_retail,31.6963,12 mesi a 2011-Q3,2011-09-30,annuale mobile,cnmc_api,https://catalogodatos.cnmc.es/dataset/ds_24285_1,2026-09-24,"CNMC Datos generales, somma dei ricavi sul mercato minorista, 4 trimestri"
ES,rev_retail,31.272,12 mesi a 2011-Q4,2011-12-31,annuale mobile,cnmc_api,https://catalogodatos.cnmc.es/dataset/ds_24285_1,2026-09-24,"CNMC Datos generales, somma dei ricavi sul mercato minorista, 4 trimestri"
ES,rev_retail,30.7238,12 mesi a 2012-Q1,2012-03-31,annuale mobile,cnmc_api,https://catalogodatos.cnmc.es/dataset/ds_24285_1,2026-09-24,"CNMC Datos generales, somma dei ricavi sul mercato minorista, 4 trimestri"
ES,rev_retail,29.9868,12 mesi a 2012-Q2,2012-06-30,annuale mobile,cnmc_api,https://catalogodatos.cnmc.es/dataset/ds_24285_1,2026-09-24,"CNMC Datos generales, somma dei ricavi sul mercato minorista, 4 trimestri"
ES,rev_retail,29.2117,12 mesi a 2012-Q3,2012-09-30,annuale mobile,cnmc_api,https://catalogodatos.cnmc.es/dataset/ds_24285_1,2026-09-24,"CNMC Datos generales, somma dei ricavi sul mercato minorista, 4 trimestri"
ES,rev_retail,28.4368,12 mesi a 2012-Q4,2012-12-31,annuale mobile,cnmc_api,https://catalogodatos.cnmc.es/dataset/ds_24285_1,2026-09-24,"CNMC Datos generales, somma dei ricavi sul mercato minorista, 4 trimestri"
ES,rev_retail,27.6767,12 mesi a 2013-Q1,2013-03-31,annuale mobile,cnmc_api,https://catalogodatos.cnmc.es/dataset/ds_24285_1,2026-09-24,"CNMC Datos generales, somma dei ricavi sul mercato minorista, 4 trimestri"
ES,rev_retail,27.1848,12 mesi a 2013-Q2,2013-06-30,annuale mobile,cnmc_api,https://catalogodatos.cnmc.es/dataset/ds_24285_1,2026-09-24,"CNMC Datos generales, somma dei ricavi sul mercato minorista, 4 trimestri"
ES,rev_retail,26.733,12 mesi a 2013-Q3,2013-09-30,annuale mobile,cnmc_api,https://catalogodatos.cnmc.es/dataset/ds_24285_1,2026-09-24,"CNMC Datos generales, somma dei ricavi sul mercato minorista, 4 trimestri"
ES,rev_retail,26.3929,12 mesi a 2013-Q4,2013-12-31,annuale mobile,cnmc_api,https://catalogodatos.cnmc.es/dataset/ds_24285_1,2026-09-24,"CNMC Datos generales, somma dei ricavi sul mercato minorista, 4 trimestri"
ES,rev_retail,26.0492,12 mesi a 2014-Q1,2014-03-31,annuale mobile,cnmc_api,https://catalogodatos.cnmc.es/dataset/ds_24285_1,2026-09-24,"CNMC Datos generales, somma dei ricavi sul mercato minorista, 4 trimestri"
ES,rev_retail,25.5468,12 mesi a 2014-Q2,2014-06-30,annuale mobile,cnmc_api,https://catalogodatos.cnmc.es/dataset/ds_24285_1,2026-09-24,"CNMC Datos generales, somma dei ricavi sul mercato minorista, 4 trimestri"
ES,rev_retail,25.04,12 mesi a 2014-Q3,2014-09-30,annuale mobile,cnmc_api,https://catalogodatos.cnmc.es/dataset/ds_24285_1,2026-09-24,"CNMC Datos generales, somma dei ricavi sul mercato minorista, 4 trimestri"
ES,rev_retail,24.6564,12 mesi a 2014-Q4,2014-12-31,annuale mobile,cnmc_api,https://catalogodatos.cnmc.es/dataset/ds_24285_1,2026-09-24,"CNMC Datos generales, somma dei ricavi sul mercato minorista, 4 trimestri"
ES,rev_retail,24.4259,12 mesi a 2015-Q1,2015-03-31,annuale mobile,cnmc_api,https://catalogodatos.cnmc.es/dataset/ds_24285_1,2026-09-24,"CNMC Datos generales, somma dei ricavi sul mercato minorista, 4 trimestri"
ES,rev_retail,24.3864,12 mesi a 2015-Q2,2015-06-30,annuale mobile,cnmc_api,https://catalogodatos.cnmc.es/dataset/ds_24285_1,2026-09-24,"CNMC Datos generales, somma dei ricavi sul mercato minorista, 4 trimestri"
ES,rev_retail,24.4485,12 mesi a 2015-Q3,2015-09-30,annuale mobile,cnmc_api,https://catalogodatos.cnmc.es/dataset/ds_24285_1,2026-09-24,"CNMC Datos generales, somma dei ricavi sul mercato minorista, 4 trimestri"
ES,rev_retail,24.3189,12 mesi a 2015-Q4,2015-12-31,annuale mobile,cnmc_api,https://catalogodatos.cnmc.es/dataset/ds_24285_1,2026-09-24,"CNMC Datos generales, somma dei ricavi sul mercato minorista, 4 trimestri"
ES,rev_retail,24.2944,12 mesi a 2016-Q1,2016-03-31,annuale mobile,cnmc_api,https://catalogodatos.cnmc.es/dataset/ds_24285_1,2026-09-24,"CNMC Datos generales, somma dei ricavi sul mercato minorista, 4 trimestri"
ES,rev_retail,24.308,12 mesi a 2016-Q2,2016-06-30,annuale mobile,cnmc_api,https://catalogodatos.cnmc.es/dataset/ds_24285_1,2026-09-24,"CNMC Datos generales, somma dei ricavi sul mercato minorista, 4 trimestri"
ES,rev_retail,24.3381,12 mesi a 2016-Q3,2016-09-30,annuale mobile,cnmc_api,https://catalogodatos.cnmc.es/dataset/ds_24285_1,2026-09-24,"CNMC Datos generales, somma dei ricavi sul mercato minorista, 4 trimestri"
ES,rev_retail,24.4615,12 mesi a 2016-Q4,2016-12-31,annuale mobile,cnmc_api,https://catalogodatos.cnmc.es/dataset/ds_24285_1,2026-09-24,"CNMC Datos generales, somma dei ricavi sul mercato minorista, 4 trimestri"
ES,rev_retail,24.5693,12 mesi a 2017-Q1,2017-03-31,annuale mobile,cnmc_api,https://catalogodatos.cnmc.es/dataset/ds_24285_1,2026-09-24,"CNMC Datos generales, somma dei ricavi sul mercato minorista, 4 trimestri"
ES,rev_retail,24.6733,12 mesi a 2017-Q2,2017-06-30,annuale mobile,cnmc_api,https://catalogodatos.cnmc.es/dataset/ds_24285_1,2026-09-24,"CNMC Datos generales, somma dei ricavi sul mercato minorista, 4 trimestri"
ES,rev_retail,24.7976,12 mesi a 2017-Q3,2017-09-30,annuale mobile,cnmc_api,https://catalogodatos.cnmc.es/dataset/ds_24285_1,2026-09-24,"CNMC Datos generales, somma dei ricavi sul mercato minorista, 4 trimestri"
ES,rev_retail,24.9056,12 mesi a 2017-Q4,2017-12-31,annuale mobile,cnmc_api,https://catalogodatos.cnmc.es/dataset/ds_24285_1,2026-09-24,"CNMC Datos generales, somma dei ricavi sul mercato minorista, 4 trimestri"
ES,rev_retail,24.9893,12 mesi a 2018-Q1,2018-03-31,annuale mobile,cnmc_api,https://catalogodatos.cnmc.es/dataset/ds_24285_1,2026-09-24,"CNMC Datos generales, somma dei ricavi sul mercato minorista, 4 trimestri"
ES,rev_retail,25.0712,12 mesi a 2018-Q2,2018-06-30,annuale mobile,cnmc_api,https://catalogodatos.cnmc.es/dataset/ds_24285_1,2026-09-24,"CNMC Datos generales, somma dei ricavi sul mercato minorista, 4 trimestri"
ES,rev_retail,24.9764,12 mesi a 2018-Q3,2018-09-30,annuale mobile,cnmc_api,https://catalogodatos.cnmc.es/dataset/ds_24285_1,2026-09-24,"CNMC Datos generales, somma dei ricavi sul mercato minorista, 4 trimestri"
ES,rev_retail,24.9225,12 mesi a 2018-Q4,2018-12-31,annuale mobile,cnmc_api,https://catalogodatos.cnmc.es/dataset/ds_24285_1,2026-09-24,"CNMC Datos generales, somma dei ricavi sul mercato minorista, 4 trimestri"
ES,rev_retail,24.9524,12 mesi a 2019-Q1,2019-03-31,annuale mobile,cnmc_api,https://catalogodatos.cnmc.es/dataset/ds_24285_1,2026-09-24,"CNMC Datos generales, somma dei ricavi sul mercato minorista, 4 trimestri"
ES,rev_retail,24.8369,12 mesi a 2019-Q2,2019-06-30,annuale mobile,cnmc_api,https://catalogodatos.cnmc.es/dataset/ds_24285_1,2026-09-24,"CNMC Datos generales, somma dei ricavi sul mercato minorista, 4 trimestri"
ES,rev_retail,24.7713,12 mesi a 2019-Q3,2019-09-30,annuale mobile,cnmc_api,https://catalogodatos.cnmc.es/dataset/ds_24285_1,2026-09-24,"CNMC Datos generales, somma dei ricavi sul mercato minorista, 4 trimestri"
ES,rev_retail,24.7421,12 mesi a 2019-Q4,2019-12-31,annuale mobile,cnmc_api,https://catalogodatos.cnmc.es/dataset/ds_24285_1,2026-09-24,"CNMC Datos generales, somma dei ricavi sul mercato minorista, 4 trimestri"
ES,rev_retail,24.4605,12 mesi a 2020-Q1,2020-03-31,annuale mobile,cnmc_api,https://catalogodatos.cnmc.es/dataset/ds_24285_1,2026-09-24,"CNMC Datos generales, somma dei ricavi sul mercato minorista, 4 trimestri"
ES,rev_retail,23.7598,12 mesi a 2020-Q2,2020-06-30,annuale mobile,cnmc_api,https://catalogodatos.cnmc.es/dataset/ds_24285_1,2026-09-24,"CNMC Datos generales, somma dei ricavi sul mercato minorista, 4 trimestri"
ES,rev_retail,23.5052,12 mesi a 2020-Q3,2020-09-30,annuale mobile,cnmc_api,https://catalogodatos.cnmc.es/dataset/ds_24285_1,2026-09-24,"CNMC Datos generales, somma dei ricavi sul mercato minorista, 4 trimestri"
ES,rev_retail,23.1545,12 mesi a 2020-Q4,2020-12-31,annuale mobile,cnmc_api,https://catalogodatos.cnmc.es/dataset/ds_24285_1,2026-09-24,"CNMC Datos generales, somma dei ricavi sul mercato minorista, 4 trimestri"
ES,rev_retail,22.9,12 mesi a 2021-Q1,2021-03-31,annuale mobile,cnmc_api,https://catalogodatos.cnmc.es/dataset/ds_24285_1,2026-09-24,"CNMC Datos generales, somma dei ricavi sul mercato minorista, 4 trimestri"
ES,rev_retail,23.1048,12 mesi a 2021-Q2,2021-06-30,annuale mobile,cnmc_api,https://catalogodatos.cnmc.es/dataset/ds_24285_1,2026-09-24,"CNMC Datos generales, somma dei ricavi sul mercato minorista, 4 trimestri"
ES,rev_retail,22.9087,12 mesi a 2021-Q3,2021-09-30,annuale mobile,cnmc_api,https://catalogodatos.cnmc.es/dataset/ds_24285_1,2026-09-24,"CNMC Datos generales, somma dei ricavi sul mercato minorista, 4 trimestri"
ES,rev_retail,22.9819,12 mesi a 2021-Q4,2021-12-31,annuale mobile,cnmc_api,https://catalogodatos.cnmc.es/dataset/ds_24285_1,2026-09-24,"CNMC Datos generales, somma dei ricavi sul mercato minorista, 4 trimestri"
ES,rev_retail,23.0215,12 mesi a 2022-Q1,2022-03-31,annuale mobile,cnmc_api,https://catalogodatos.cnmc.es/dataset/ds_24285_1,2026-09-24,"CNMC Datos generales, somma dei ricavi sul mercato minorista, 4 trimestri"
ES,rev_retail,22.936,12 mesi a 2022-Q2,2022-06-30,annuale mobile,cnmc_api,https://catalogodatos.cnmc.es/dataset/ds_24285_1,2026-09-24,"CNMC Datos generales, somma dei ricavi sul mercato minorista, 4 trimestri"
ES,rev_retail,22.8889,12 mesi a 2022-Q3,2022-09-30,annuale mobile,cnmc_api,https://catalogodatos.cnmc.es/dataset/ds_24285_1,2026-09-24,"CNMC Datos generales, somma dei ricavi sul mercato minorista, 4 trimestri"
ES,rev_retail,22.8167,12 mesi a 2022-Q4,2022-12-31,annuale mobile,cnmc_api,https://catalogodatos.cnmc.es/dataset/ds_24285_1,2026-09-24,"CNMC Datos generales, somma dei ricavi sul mercato minorista, 4 trimestri"
ES,rev_retail,22.7807,12 mesi a 2023-Q1,2023-03-31,annuale mobile,cnmc_api,https://catalogodatos.cnmc.es/dataset/ds_24285_1,2026-09-24,"CNMC Datos generales, somma dei ricavi sul mercato minorista, 4 trimestri"
ES,rev_retail,22.8007,12 mesi a 2023-Q2,2023-06-30,annuale mobile,cnmc_api,https://catalogodatos.cnmc.es/dataset/ds_24285_1,2026-09-24,"CNMC Datos generales, somma dei ricavi sul mercato minorista, 4 trimestri"
ES,rev_retail,22.8551,12 mesi a 2023-Q3,2023-09-30,annuale mobile,cnmc_api,https://catalogodatos.cnmc.es/dataset/ds_24285_1,2026-09-24,"CNMC Datos generales, somma dei ricavi sul mercato minorista, 4 trimestri"
ES,rev_retail,22.8414,12 mesi a 2023-Q4,2023-12-31,annuale mobile,cnmc_api,https://catalogodatos.cnmc.es/dataset/ds_24285_1,2026-09-24,"CNMC Datos generales, somma dei ricavi sul mercato minorista, 4 trimestri"
ES,rev_retail,22.8753,12 mesi a 2024-Q1,2024-03-31,annuale mobile,cnmc_api,https://catalogodatos.cnmc.es/dataset/ds_24285_1,2026-09-24,"CNMC Datos generales, somma dei ricavi sul mercato minorista, 4 trimestri"
ES,rev_retail,22.7927,12 mesi a 2024-Q2,2024-06-30,annuale mobile,cnmc_api,https://catalogodatos.cnmc.es/dataset/ds_24285_1,2026-09-24,"CNMC Datos generales, somma dei ricavi sul mercato minorista, 4 trimestri"
ES,rev_retail,22.7525,12 mesi a 2024-Q3,2024-09-30,annuale mobile,cnmc_api,https://catalogodatos.cnmc.es/dataset/ds_24285_1,2026-09-24,"CNMC Datos generales, somma dei ricavi sul mercato minorista, 4 trimestri"
ES,rev_retail,22.6123,12 mesi a 2024-Q4,2024-12-31,annuale mobile,cnmc_api,https://catalogodatos.cnmc.es/dataset/ds_24285_1,2026-09-24,"CNMC Datos generales, somma dei ricavi sul mercato minorista, 4 trimestri"
ES,rev_retail,22.7647,12 mesi a 2025-Q1,2025-03-31,annuale mobile,cnmc_api,https://catalogodatos.cnmc.es/dataset/ds_24285_1,2026-09-24,"CNMC Datos generales, somma dei ricavi sul mercato minorista, 4 trimestri"
ES,rev_retail,22.8518,12 mesi a 2025-Q2,2025-06-30,annuale mobile,cnmc_api,https://catalogodatos.cnmc.es/dataset/ds_24285_1,2026-09-24,"CNMC Datos generales, somma dei ricavi sul mercato minorista, 4 trimestri"
ES,rev_retail,22.9068,12 mesi a 2025-Q3,2025-09-30,annuale mobile,cnmc_api,https://catalogodatos.cnmc.es/dataset/ds_24285_1,2026-09-24,"CNMC Datos generales, somma dei ricavi sul mercato minorista, 4 trimestri"
ES,rev_retail,22.9717,12 mesi a 2025-Q4,2025-12-31,annuale mobile,cnmc_api,https://catalogodatos.cnmc.es/dataset/ds_24285_1,2026-09-24,"CNMC Datos generales, somma dei ricavi sul mercato minorista, 4 trimestri"
ES,rev_retail,22.8038,12 mesi a 2026-Q1,2026-03-31,annuale mobile,cnmc_api,https://catalogodatos.cnmc.es/dataset/ds_24285_1,2026-09-24,"CNMC Datos generales, somma dei ricavi sul mercato minorista, 4 trimestri"
ES,rev_wholesale,7.146,12 mesi a 2006-Q4,2006-12-31,annuale mobile,cnmc_api,https://catalogodatos.cnmc.es/dataset/ds_24285_1,2026-09-24,"CNMC Datos generales, somma dei ricavi sul mercato mayorista, 4 trimestri"
ES,rev_wholesale,7.20198,12 mesi a 2007-Q1,2007-03-31,annuale mobile,cnmc_api,https://catalogodatos.cnmc.es/dataset/ds_24285_1,2026-09-24,"CNMC Datos generales, somma dei ricavi sul mercato mayorista, 4 trimestri"
ES,rev_wholesale,7.2134,12 mesi a 2007-Q2,2007-06-30,annuale mobile,cnmc_api,https://catalogodatos.cnmc.es/dataset/ds_24285_1,2026-09-24,"CNMC Datos generales, somma dei ricavi sul mercato mayorista, 4 trimestri"
ES,rev_wholesale,7.26373,12 mesi a 2007-Q3,2007-09-30,annuale mobile,cnmc_api,https://catalogodatos.cnmc.es/dataset/ds_24285_1,2026-09-24,"CNMC Datos generales, somma dei ricavi sul mercato mayorista, 4 trimestri"
ES,rev_wholesale,7.3021,12 mesi a 2007-Q4,2007-12-31,annuale mobile,cnmc_api,https://catalogodatos.cnmc.es/dataset/ds_24285_1,2026-09-24,"CNMC Datos generales, somma dei ricavi sul mercato mayorista, 4 trimestri"
ES,rev_wholesale,7.24564,12 mesi a 2008-Q1,2008-03-31,annuale mobile,cnmc_api,https://catalogodatos.cnmc.es/dataset/ds_24285_1,2026-09-24,"CNMC Datos generales, somma dei ricavi sul mercato mayorista, 4 trimestri"
ES,rev_wholesale,7.1431,12 mesi a 2008-Q2,2008-06-30,annuale mobile,cnmc_api,https://catalogodatos.cnmc.es/dataset/ds_24285_1,2026-09-24,"CNMC Datos generales, somma dei ricavi sul mercato mayorista, 4 trimestri"
ES,rev_wholesale,7.07779,12 mesi a 2008-Q3,2008-09-30,annuale mobile,cnmc_api,https://catalogodatos.cnmc.es/dataset/ds_24285_1,2026-09-24,"CNMC Datos generales, somma dei ricavi sul mercato mayorista, 4 trimestri"
ES,rev_wholesale,6.97869,12 mesi a 2008-Q4,2008-12-31,annuale mobile,cnmc_api,https://catalogodatos.cnmc.es/dataset/ds_24285_1,2026-09-24,"CNMC Datos generales, somma dei ricavi sul mercato mayorista, 4 trimestri"
ES,rev_wholesale,6.83555,12 mesi a 2009-Q1,2009-03-31,annuale mobile,cnmc_api,https://catalogodatos.cnmc.es/dataset/ds_24285_1,2026-09-24,"CNMC Datos generales, somma dei ricavi sul mercato mayorista, 4 trimestri"
ES,rev_wholesale,6.69934,12 mesi a 2009-Q2,2009-06-30,annuale mobile,cnmc_api,https://catalogodatos.cnmc.es/dataset/ds_24285_1,2026-09-24,"CNMC Datos generales, somma dei ricavi sul mercato mayorista, 4 trimestri"
ES,rev_wholesale,6.53419,12 mesi a 2009-Q3,2009-09-30,annuale mobile,cnmc_api,https://catalogodatos.cnmc.es/dataset/ds_24285_1,2026-09-24,"CNMC Datos generales, somma dei ricavi sul mercato mayorista, 4 trimestri"
ES,rev_wholesale,6.404,12 mesi a 2009-Q4,2009-12-31,annuale mobile,cnmc_api,https://catalogodatos.cnmc.es/dataset/ds_24285_1,2026-09-24,"CNMC Datos generales, somma dei ricavi sul mercato mayorista, 4 trimestri"
ES,rev_wholesale,6.34083,12 mesi a 2010-Q1,2010-03-31,annuale mobile,cnmc_api,https://catalogodatos.cnmc.es/dataset/ds_24285_1,2026-09-24,"CNMC Datos generales, somma dei ricavi sul mercato mayorista, 4 trimestri"
ES,rev_wholesale,6.27913,12 mesi a 2010-Q2,2010-06-30,annuale mobile,cnmc_api,https://catalogodatos.cnmc.es/dataset/ds_24285_1,2026-09-24,"CNMC Datos generales, somma dei ricavi sul mercato mayorista, 4 trimestri"
ES,rev_wholesale,6.20065,12 mesi a 2010-Q3,2010-09-30,annuale mobile,cnmc_api,https://catalogodatos.cnmc.es/dataset/ds_24285_1,2026-09-24,"CNMC Datos generales, somma dei ricavi sul mercato mayorista, 4 trimestri"
ES,rev_wholesale,6.18144,12 mesi a 2010-Q4,2010-12-31,annuale mobile,cnmc_api,https://catalogodatos.cnmc.es/dataset/ds_24285_1,2026-09-24,"CNMC Datos generales, somma dei ricavi sul mercato mayorista, 4 trimestri"
ES,rev_wholesale,6.18359,12 mesi a 2011-Q1,2011-03-31,annuale mobile,cnmc_api,https://catalogodatos.cnmc.es/dataset/ds_24285_1,2026-09-24,"CNMC Datos generales, somma dei ricavi sul mercato mayorista, 4 trimestri"
ES,rev_wholesale,6.16558,12 mesi a 2011-Q2,2011-06-30,annuale mobile,cnmc_api,https://catalogodatos.cnmc.es/dataset/ds_24285_1,2026-09-24,"CNMC Datos generales, somma dei ricavi sul mercato mayorista, 4 trimestri"
ES,rev_wholesale,6.13314,12 mesi a 2011-Q3,2011-09-30,annuale mobile,cnmc_api,https://catalogodatos.cnmc.es/dataset/ds_24285_1,2026-09-24,"CNMC Datos generales, somma dei ricavi sul mercato mayorista, 4 trimestri"
ES,rev_wholesale,6.12587,12 mesi a 2011-Q4,2011-12-31,annuale mobile,cnmc_api,https://catalogodatos.cnmc.es/dataset/ds_24285_1,2026-09-24,"CNMC Datos generales, somma dei ricavi sul mercato mayorista, 4 trimestri"
ES,rev_wholesale,6.0918,12 mesi a 2012-Q1,2012-03-31,annuale mobile,cnmc_api,https://catalogodatos.cnmc.es/dataset/ds_24285_1,2026-09-24,"CNMC Datos generales, somma dei ricavi sul mercato mayorista, 4 trimestri"
ES,rev_wholesale,5.99205,12 mesi a 2012-Q2,2012-06-30,annuale mobile,cnmc_api,https://catalogodatos.cnmc.es/dataset/ds_24285_1,2026-09-24,"CNMC Datos generales, somma dei ricavi sul mercato mayorista, 4 trimestri"
ES,rev_wholesale,5.90692,12 mesi a 2012-Q3,2012-09-30,annuale mobile,cnmc_api,https://catalogodatos.cnmc.es/dataset/ds_24285_1,2026-09-24,"CNMC Datos generales, somma dei ricavi sul mercato mayorista, 4 trimestri"
ES,rev_wholesale,5.85151,12 mesi a 2012-Q4,2012-12-31,annuale mobile,cnmc_api,https://catalogodatos.cnmc.es/dataset/ds_24285_1,2026-09-24,"CNMC Datos generales, somma dei ricavi sul mercato mayorista, 4 trimestri"
ES,rev_wholesale,5.78525,12 mesi a 2013-Q1,2013-03-31,annuale mobile,cnmc_api,https://catalogodatos.cnmc.es/dataset/ds_24285_1,2026-09-24,"CNMC Datos generales, somma dei ricavi sul mercato mayorista, 4 trimestri"
ES,rev_wholesale,5.79587,12 mesi a 2013-Q2,2013-06-30,annuale mobile,cnmc_api,https://catalogodatos.cnmc.es/dataset/ds_24285_1,2026-09-24,"CNMC Datos generales, somma dei ricavi sul mercato mayorista, 4 trimestri"
ES,rev_wholesale,5.59018,12 mesi a 2013-Q3,2013-09-30,annuale mobile,cnmc_api,https://catalogodatos.cnmc.es/dataset/ds_24285_1,2026-09-24,"CNMC Datos generales, somma dei ricavi sul mercato mayorista, 4 trimestri"
ES,rev_wholesale,5.42147,12 mesi a 2013-Q4,2013-12-31,annuale mobile,cnmc_api,https://catalogodatos.cnmc.es/dataset/ds_24285_1,2026-09-24,"CNMC Datos generales, somma dei ricavi sul mercato mayorista, 4 trimestri"
ES,rev_wholesale,5.30686,12 mesi a 2014-Q1,2014-03-31,annuale mobile,cnmc_api,https://catalogodatos.cnmc.es/dataset/ds_24285_1,2026-09-24,"CNMC Datos generales, somma dei ricavi sul mercato mayorista, 4 trimestri"
ES,rev_wholesale,5.18542,12 mesi a 2014-Q2,2014-06-30,annuale mobile,cnmc_api,https://catalogodatos.cnmc.es/dataset/ds_24285_1,2026-09-24,"CNMC Datos generales, somma dei ricavi sul mercato mayorista, 4 trimestri"
ES,rev_wholesale,5.2321,12 mesi a 2014-Q3,2014-09-30,annuale mobile,cnmc_api,https://catalogodatos.cnmc.es/dataset/ds_24285_1,2026-09-24,"CNMC Datos generales, somma dei ricavi sul mercato mayorista, 4 trimestri"
ES,rev_wholesale,5.26086,12 mesi a 2014-Q4,2014-12-31,annuale mobile,cnmc_api,https://catalogodatos.cnmc.es/dataset/ds_24285_1,2026-09-24,"CNMC Datos generales, somma dei ricavi sul mercato mayorista, 4 trimestri"
ES,rev_wholesale,5.24205,12 mesi a 2015-Q1,2015-03-31,annuale mobile,cnmc_api,https://catalogodatos.cnmc.es/dataset/ds_24285_1,2026-09-24,"CNMC Datos generales, somma dei ricavi sul mercato mayorista, 4 trimestri"
ES,rev_wholesale,5.28332,12 mesi a 2015-Q2,2015-06-30,annuale mobile,cnmc_api,https://catalogodatos.cnmc.es/dataset/ds_24285_1,2026-09-24,"CNMC Datos generales, somma dei ricavi sul mercato mayorista, 4 trimestri"
ES,rev_wholesale,5.40687,12 mesi a 2015-Q3,2015-09-30,annuale mobile,cnmc_api,https://catalogodatos.cnmc.es/dataset/ds_24285_1,2026-09-24,"CNMC Datos generales, somma dei ricavi sul mercato mayorista, 4 trimestri"
ES,rev_wholesale,5.66047,12 mesi a 2015-Q4,2015-12-31,annuale mobile,cnmc_api,https://catalogodatos.cnmc.es/dataset/ds_24285_1,2026-09-24,"CNMC Datos generales, somma dei ricavi sul mercato mayorista, 4 trimestri"
ES,rev_wholesale,5.97829,12 mesi a 2016-Q1,2016-03-31,annuale mobile,cnmc_api,https://catalogodatos.cnmc.es/dataset/ds_24285_1,2026-09-24,"CNMC Datos generales, somma dei ricavi sul mercato mayorista, 4 trimestri"
ES,rev_wholesale,6.37753,12 mesi a 2016-Q2,2016-06-30,annuale mobile,cnmc_api,https://catalogodatos.cnmc.es/dataset/ds_24285_1,2026-09-24,"CNMC Datos generales, somma dei ricavi sul mercato mayorista, 4 trimestri"
ES,rev_wholesale,7.32048,12 mesi a 2016-Q3,2016-09-30,annuale mobile,cnmc_api,https://catalogodatos.cnmc.es/dataset/ds_24285_1,2026-09-24,"CNMC Datos generales, somma dei ricavi sul mercato mayorista, 4 trimestri"
ES,rev_wholesale,7.90104,12 mesi a 2016-Q4,2016-12-31,annuale mobile,cnmc_api,https://catalogodatos.cnmc.es/dataset/ds_24285_1,2026-09-24,"CNMC Datos generales, somma dei ricavi sul mercato mayorista, 4 trimestri"
ES,rev_wholesale,8.33357,12 mesi a 2017-Q1,2017-03-31,annuale mobile,cnmc_api,https://catalogodatos.cnmc.es/dataset/ds_24285_1,2026-09-24,"CNMC Datos generales, somma dei ricavi sul mercato mayorista, 4 trimestri"
ES,rev_wholesale,8.63972,12 mesi a 2017-Q2,2017-06-30,annuale mobile,cnmc_api,https://catalogodatos.cnmc.es/dataset/ds_24285_1,2026-09-24,"CNMC Datos generales, somma dei ricavi sul mercato mayorista, 4 trimestri"
ES,rev_wholesale,8.56642,12 mesi a 2017-Q3,2017-09-30,annuale mobile,cnmc_api,https://catalogodatos.cnmc.es/dataset/ds_24285_1,2026-09-24,"CNMC Datos generales, somma dei ricavi sul mercato mayorista, 4 trimestri"
ES,rev_wholesale,8.68049,12 mesi a 2017-Q4,2017-12-31,annuale mobile,cnmc_api,https://catalogodatos.cnmc.es/dataset/ds_24285_1,2026-09-24,"CNMC Datos generales, somma dei ricavi sul mercato mayorista, 4 trimestri"
ES,rev_wholesale,8.8329,12 mesi a 2018-Q1,2018-03-31,annuale mobile,cnmc_api,https://catalogodatos.cnmc.es/dataset/ds_24285_1,2026-09-24,"CNMC Datos generales, somma dei ricavi sul mercato mayorista, 4 trimestri"
ES,rev_wholesale,9.01932,12 mesi a 2018-Q2,2018-06-30,annuale mobile,cnmc_api,https://catalogodatos.cnmc.es/dataset/ds_24285_1,2026-09-24,"CNMC Datos generales, somma dei ricavi sul mercato mayorista, 4 trimestri"
ES,rev_wholesale,9.02095,12 mesi a 2018-Q3,2018-09-30,annuale mobile,cnmc_api,https://catalogodatos.cnmc.es/dataset/ds_24285_1,2026-09-24,"CNMC Datos generales, somma dei ricavi sul mercato mayorista, 4 trimestri"
ES,rev_wholesale,9.05296,12 mesi a 2018-Q4,2018-12-31,annuale mobile,cnmc_api,https://catalogodatos.cnmc.es/dataset/ds_24285_1,2026-09-24,"CNMC Datos generales, somma dei ricavi sul mercato mayorista, 4 trimestri"
ES,rev_wholesale,9.12888,12 mesi a 2019-Q1,2019-03-31,annuale mobile,cnmc_api,https://catalogodatos.cnmc.es/dataset/ds_24285_1,2026-09-24,"CNMC Datos generales, somma dei ricavi sul mercato mayorista, 4 trimestri"
ES,rev_wholesale,9.23601,12 mesi a 2019-Q2,2019-06-30,annuale mobile,cnmc_api,https://catalogodatos.cnmc.es/dataset/ds_24285_1,2026-09-24,"CNMC Datos generales, somma dei ricavi sul mercato mayorista, 4 trimestri"
ES,rev_wholesale,9.18147,12 mesi a 2019-Q3,2019-09-30,annuale mobile,cnmc_api,https://catalogodatos.cnmc.es/dataset/ds_24285_1,2026-09-24,"CNMC Datos generales, somma dei ricavi sul mercato mayorista, 4 trimestri"
ES,rev_wholesale,9.24048,12 mesi a 2019-Q4,2019-12-31,annuale mobile,cnmc_api,https://catalogodatos.cnmc.es/dataset/ds_24285_1,2026-09-24,"CNMC Datos generales, somma dei ricavi sul mercato mayorista, 4 trimestri"
ES,rev_wholesale,9.38472,12 mesi a 2020-Q1,2020-03-31,annuale mobile,cnmc_api,https://catalogodatos.cnmc.es/dataset/ds_24285_1,2026-09-24,"CNMC Datos generales, somma dei ricavi sul mercato mayorista, 4 trimestri"
ES,rev_wholesale,9.36472,12 mesi a 2020-Q2,2020-06-30,annuale mobile,cnmc_api,https://catalogodatos.cnmc.es/dataset/ds_24285_1,2026-09-24,"CNMC Datos generales, somma dei ricavi sul mercato mayorista, 4 trimestri"
ES,rev_wholesale,9.37783,12 mesi a 2020-Q3,2020-09-30,annuale mobile,cnmc_api,https://catalogodatos.cnmc.es/dataset/ds_24285_1,2026-09-24,"CNMC Datos generales, somma dei ricavi sul mercato mayorista, 4 trimestri"
ES,rev_wholesale,9.47286,12 mesi a 2020-Q4,2020-12-31,annuale mobile,cnmc_api,https://catalogodatos.cnmc.es/dataset/ds_24285_1,2026-09-24,"CNMC Datos generales, somma dei ricavi sul mercato mayorista, 4 trimestri"
ES,rev_wholesale,9.41652,12 mesi a 2021-Q1,2021-03-31,annuale mobile,cnmc_api,https://catalogodatos.cnmc.es/dataset/ds_24285_1,2026-09-24,"CNMC Datos generales, somma dei ricavi sul mercato mayorista, 4 trimestri"
ES,rev_wholesale,9.4839,12 mesi a 2021-Q2,2021-06-30,annuale mobile,cnmc_api,https://catalogodatos.cnmc.es/dataset/ds_24285_1,2026-09-24,"CNMC Datos generales, somma dei ricavi sul mercato mayorista, 4 trimestri"
ES,rev_wholesale,9.75617,12 mesi a 2021-Q3,2021-09-30,annuale mobile,cnmc_api,https://catalogodatos.cnmc.es/dataset/ds_24285_1,2026-09-24,"CNMC Datos generales, somma dei ricavi sul mercato mayorista, 4 trimestri"
ES,rev_wholesale,9.76702,12 mesi a 2021-Q4,2021-12-31,annuale mobile,cnmc_api,https://catalogodatos.cnmc.es/dataset/ds_24285_1,2026-09-24,"CNMC Datos generales, somma dei ricavi sul mercato mayorista, 4 trimestri"
ES,rev_wholesale,9.89894,12 mesi a 2022-Q1,2022-03-31,annuale mobile,cnmc_api,https://catalogodatos.cnmc.es/dataset/ds_24285_1,2026-09-24,"CNMC Datos generales, somma dei ricavi sul mercato mayorista, 4 trimestri"
ES,rev_wholesale,9.99944,12 mesi a 2022-Q2,2022-06-30,annuale mobile,cnmc_api,https://catalogodatos.cnmc.es/dataset/ds_24285_1,2026-09-24,"CNMC Datos generales, somma dei ricavi sul mercato mayorista, 4 trimestri"
ES,rev_wholesale,9.99257,12 mesi a 2022-Q3,2022-09-30,annuale mobile,cnmc_api,https://catalogodatos.cnmc.es/dataset/ds_24285_1,2026-09-24,"CNMC Datos generales, somma dei ricavi sul mercato mayorista, 4 trimestri"
ES,rev_wholesale,9.86968,12 mesi a 2022-Q4,2022-12-31,annuale mobile,cnmc_api,https://catalogodatos.cnmc.es/dataset/ds_24285_1,2026-09-24,"CNMC Datos generales, somma dei ricavi sul mercato mayorista, 4 trimestri"
ES,rev_wholesale,9.67886,12 mesi a 2023-Q1,2023-03-31,annuale mobile,cnmc_api,https://catalogodatos.cnmc.es/dataset/ds_24285_1,2026-09-24,"CNMC Datos generales, somma dei ricavi sul mercato mayorista, 4 trimestri"
ES,rev_wholesale,9.50549,12 mesi a 2023-Q2,2023-06-30,annuale mobile,cnmc_api,https://catalogodatos.cnmc.es/dataset/ds_24285_1,2026-09-24,"CNMC Datos generales, somma dei ricavi sul mercato mayorista, 4 trimestri"
ES,rev_wholesale,9.40967,12 mesi a 2023-Q3,2023-09-30,annuale mobile,cnmc_api,https://catalogodatos.cnmc.es/dataset/ds_24285_1,2026-09-24,"CNMC Datos generales, somma dei ricavi sul mercato mayorista, 4 trimestri"
ES,rev_wholesale,9.45946,12 mesi a 2023-Q4,2023-12-31,annuale mobile,cnmc_api,https://catalogodatos.cnmc.es/dataset/ds_24285_1,2026-09-24,"CNMC Datos generales, somma dei ricavi sul mercato mayorista, 4 trimestri"
ES,rev_wholesale,9.44664,12 mesi a 2024-Q1,2024-03-31,annuale mobile,cnmc_api,https://catalogodatos.cnmc.es/dataset/ds_24285_1,2026-09-24,"CNMC Datos generales, somma dei ricavi sul mercato mayorista, 4 trimestri"
ES,rev_wholesale,9.47661,12 mesi a 2024-Q2,2024-06-30,annuale mobile,cnmc_api,https://catalogodatos.cnmc.es/dataset/ds_24285_1,2026-09-24,"CNMC Datos generales, somma dei ricavi sul mercato mayorista, 4 trimestri"
ES,rev_wholesale,9.4123,12 mesi a 2024-Q3,2024-09-30,annuale mobile,cnmc_api,https://catalogodatos.cnmc.es/dataset/ds_24285_1,2026-09-24,"CNMC Datos generales, somma dei ricavi sul mercato mayorista, 4 trimestri"
ES,rev_wholesale,9.45599,12 mesi a 2024-Q4,2024-12-31,annuale mobile,cnmc_api,https://catalogodatos.cnmc.es/dataset/ds_24285_1,2026-09-24,"CNMC Datos generales, somma dei ricavi sul mercato mayorista, 4 trimestri"
ES,rev_wholesale,9.56196,12 mesi a 2025-Q1,2025-03-31,annuale mobile,cnmc_api,https://catalogodatos.cnmc.es/dataset/ds_24285_1,2026-09-24,"CNMC Datos generales, somma dei ricavi sul mercato mayorista, 4 trimestri"
ES,rev_wholesale,9.68231,12 mesi a 2025-Q2,2025-06-30,annuale mobile,cnmc_api,https://catalogodatos.cnmc.es/dataset/ds_24285_1,2026-09-24,"CNMC Datos generales, somma dei ricavi sul mercato mayorista, 4 trimestri"
ES,rev_wholesale,9.90117,12 mesi a 2025-Q3,2025-09-30,annuale mobile,cnmc_api,https://catalogodatos.cnmc.es/dataset/ds_24285_1,2026-09-24,"CNMC Datos generales, somma dei ricavi sul mercato mayorista, 4 trimestri"
ES,rev_wholesale,10.069,12 mesi a 2025-Q4,2025-12-31,annuale mobile,cnmc_api,https://catalogodatos.cnmc.es/dataset/ds_24285_1,2026-09-24,"CNMC Datos generales, somma dei ricavi sul mercato mayorista, 4 trimestri"
ES,rev_wholesale,10.1567,12 mesi a 2026-Q1,2026-03-31,annuale mobile,cnmc_api,https://catalogodatos.cnmc.es/dataset/ds_24285_1,2026-09-24,"CNMC Datos generales, somma dei ricavi sul mercato mayorista, 4 trimestri"
ES,share|DIGI,11.0187,2025-07,2025-07-31,mensile,cnmc_api,https://catalogodatos.cnmc.es/dataset/ds_24397_1,2026-09-24,"CNMC dati mensili, linee mobili per operatore"
ES,share|DIGI,11.1324,2025-08,2025-08-31,mensile,cnmc_api,https://catalogodatos.cnmc.es/dataset/ds_24397_1,2026-09-24,"CNMC dati mensili, linee mobili per operatore"
ES,share|DIGI,11.2831,2025-09,2025-09-30,mensile,cnmc_api,https://catalogodatos.cnmc.es/dataset/ds_24397_1,2026-09-24,"CNMC dati mensili, linee mobili per operatore"
ES,share|DIGI,11.4566,2025-10,2025-10-31,mensile,cnmc_api,https://catalogodatos.cnmc.es/dataset/ds_24397_1,2026-09-24,"CNMC dati mensili, linee mobili per operatore"
ES,share|DIGI,11.5903,2025-11,2025-11-30,mensile,cnmc_api,https://catalogodatos.cnmc.es/dataset/ds_24397_1,2026-09-24,"CNMC dati mensili, linee mobili per operatore"
ES,share|DIGI,11.7206,2025-12,2025-12-31,mensile,cnmc_api,https://catalogodatos.cnmc.es/dataset/ds_24397_1,2026-09-24,"CNMC dati mensili, linee mobili per operatore"
ES,share|DIGI,11.8731,2026-01,2026-01-31,mensile,cnmc_api,https://catalogodatos.cnmc.es/dataset/ds_24397_1,2026-09-24,"CNMC dati mensili, linee mobili per operatore"
ES,share|DIGI,12.064,2026-02,2026-02-28,mensile,cnmc_api,https://catalogodatos.cnmc.es/dataset/ds_24397_1,2026-09-24,"CNMC dati mensili, linee mobili per operatore"
ES,share|DIGI,12.2742,2026-03,2026-03-31,mensile,cnmc_api,https://catalogodatos.cnmc.es/dataset/ds_24397_1,2026-09-24,"CNMC dati mensili, linee mobili per operatore"
ES,share|DIGI,12.4136,2026-04,2026-04-30,mensile,cnmc_api,https://catalogodatos.cnmc.es/dataset/ds_24397_1,2026-09-24,"CNMC dati mensili, linee mobili per operatore"
ES,share|DIGI,12.5456,2026-05,2026-05-31,mensile,cnmc_api,https://catalogodatos.cnmc.es/dataset/ds_24397_1,2026-09-24,"CNMC dati mensili, linee mobili per operatore"
ES,share|DIGI,12.6343,2026-06,2026-06-30,mensile,cnmc_api,https://catalogodatos.cnmc.es/dataset/ds_24397_1,2026-09-24,"CNMC dati mensili, linee mobili per operatore"
ES,share|DIGI,12.7121,2026-07,2026-07-31,mensile,cnmc_api,https://catalogodatos.cnmc.es/dataset/ds_24397_1,2026-09-24,"CNMC dati mensili, linee mobili per operatore"
ES,share|MASORANGE,41.3686,2025-07,2025-07-31,mensile,cnmc_api,https://catalogodatos.cnmc.es/dataset/ds_24397_1,2026-09-24,"CNMC dati mensili, linee mobili per operatore"
ES,share|MASORANGE,41.3464,2025-08,2025-08-31,mensile,cnmc_api,https://catalogodatos.cnmc.es/dataset/ds_24397_1,2026-09-24,"CNMC dati mensili, linee mobili per operatore"
ES,share|MASORANGE,41.3593,2025-09,2025-09-30,mensile,cnmc_api,https://catalogodatos.cnmc.es/dataset/ds_24397_1,2026-09-24,"CNMC dati mensili, linee mobili per operatore"
ES,share|MASORANGE,41.2762,2025-10,2025-10-31,mensile,cnmc_api,https://catalogodatos.cnmc.es/dataset/ds_24397_1,2026-09-24,"CNMC dati mensili, linee mobili per operatore"
ES,share|MASORANGE,41.2377,2025-11,2025-11-30,mensile,cnmc_api,https://catalogodatos.cnmc.es/dataset/ds_24397_1,2026-09-24,"CNMC dati mensili, linee mobili per operatore"
ES,share|MASORANGE,41.2384,2025-12,2025-12-31,mensile,cnmc_api,https://catalogodatos.cnmc.es/dataset/ds_24397_1,2026-09-24,"CNMC dati mensili, linee mobili per operatore"
ES,share|MASORANGE,41.1545,2026-01,2026-01-31,mensile,cnmc_api,https://catalogodatos.cnmc.es/dataset/ds_24397_1,2026-09-24,"CNMC dati mensili, linee mobili per operatore"
ES,share|MASORANGE,41.0318,2026-02,2026-02-28,mensile,cnmc_api,https://catalogodatos.cnmc.es/dataset/ds_24397_1,2026-09-24,"CNMC dati mensili, linee mobili per operatore"
ES,share|MASORANGE,40.926,2026-03,2026-03-31,mensile,cnmc_api,https://catalogodatos.cnmc.es/dataset/ds_24397_1,2026-09-24,"CNMC dati mensili, linee mobili per operatore"
ES,share|MASORANGE,40.8519,2026-04,2026-04-30,mensile,cnmc_api,https://catalogodatos.cnmc.es/dataset/ds_24397_1,2026-09-24,"CNMC dati mensili, linee mobili per operatore"
ES,share|MASORANGE,40.71,2026-05,2026-05-31,mensile,cnmc_api,https://catalogodatos.cnmc.es/dataset/ds_24397_1,2026-09-24,"CNMC dati mensili, linee mobili per operatore"
ES,share|MASORANGE,40.5686,2026-06,2026-06-30,mensile,cnmc_api,https://catalogodatos.cnmc.es/dataset/ds_24397_1,2026-09-24,"CNMC dati mensili, linee mobili per operatore"
ES,share|MASORANGE,40.5992,2026-07,2026-07-31,mensile,cnmc_api,https://catalogodatos.cnmc.es/dataset/ds_24397_1,2026-09-24,"CNMC dati mensili, linee mobili per operatore"
ES,share|Movistar,26.2715,2025-07,2025-07-31,mensile,cnmc_api,https://catalogodatos.cnmc.es/dataset/ds_24397_1,2026-09-24,"CNMC dati mensili, linee mobili per operatore"
ES,share|Movistar,26.3143,2025-08,2025-08-31,mensile,cnmc_api,https://catalogodatos.cnmc.es/dataset/ds_24397_1,2026-09-24,"CNMC dati mensili, linee mobili per operatore"
ES,share|Movistar,26.3075,2025-09,2025-09-30,mensile,cnmc_api,https://catalogodatos.cnmc.es/dataset/ds_24397_1,2026-09-24,"CNMC dati mensili, linee mobili per operatore"
ES,share|Movistar,26.287,2025-10,2025-10-31,mensile,cnmc_api,https://catalogodatos.cnmc.es/dataset/ds_24397_1,2026-09-24,"CNMC dati mensili, linee mobili per operatore"
ES,share|Movistar,26.2729,2025-11,2025-11-30,mensile,cnmc_api,https://catalogodatos.cnmc.es/dataset/ds_24397_1,2026-09-24,"CNMC dati mensili, linee mobili per operatore"
ES,share|Movistar,26.2434,2025-12,2025-12-31,mensile,cnmc_api,https://catalogodatos.cnmc.es/dataset/ds_24397_1,2026-09-24,"CNMC dati mensili, linee mobili per operatore"
ES,share|Movistar,26.3216,2026-01,2026-01-31,mensile,cnmc_api,https://catalogodatos.cnmc.es/dataset/ds_24397_1,2026-09-24,"CNMC dati mensili, linee mobili per operatore"
ES,share|Movistar,26.3648,2026-02,2026-02-28,mensile,cnmc_api,https://catalogodatos.cnmc.es/dataset/ds_24397_1,2026-09-24,"CNMC dati mensili, linee mobili per operatore"
ES,share|Movistar,26.404,2026-03,2026-03-31,mensile,cnmc_api,https://catalogodatos.cnmc.es/dataset/ds_24397_1,2026-09-24,"CNMC dati mensili, linee mobili per operatore"
ES,share|Movistar,26.3618,2026-04,2026-04-30,mensile,cnmc_api,https://catalogodatos.cnmc.es/dataset/ds_24397_1,2026-09-24,"CNMC dati mensili, linee mobili per operatore"
ES,share|Movistar,26.3046,2026-05,2026-05-31,mensile,cnmc_api,https://catalogodatos.cnmc.es/dataset/ds_24397_1,2026-09-24,"CNMC dati mensili, linee mobili per operatore"
ES,share|Movistar,26.2358,2026-06,2026-06-30,mensile,cnmc_api,https://catalogodatos.cnmc.es/dataset/ds_24397_1,2026-09-24,"CNMC dati mensili, linee mobili per operatore"
ES,share|Movistar,26.1328,2026-07,2026-07-31,mensile,cnmc_api,https://catalogodatos.cnmc.es/dataset/ds_24397_1,2026-09-24,"CNMC dati mensili, linee mobili per operatore"
ES,share|OMV,2.59116,2025-07,2025-07-31,mensile,cnmc_api,https://catalogodatos.cnmc.es/dataset/ds_24397_1,2026-09-24,"CNMC dati mensili, linee mobili per operatore"
ES,share|OMV,2.54429,2025-08,2025-08-31,mensile,cnmc_api,https://catalogodatos.cnmc.es/dataset/ds_24397_1,2026-09-24,"CNMC dati mensili, linee mobili per operatore"
ES,share|OMV,2.47369,2025-09,2025-09-30,mensile,cnmc_api,https://catalogodatos.cnmc.es/dataset/ds_24397_1,2026-09-24,"CNMC dati mensili, linee mobili per operatore"
ES,share|OMV,2.38656,2025-10,2025-10-31,mensile,cnmc_api,https://catalogodatos.cnmc.es/dataset/ds_24397_1,2026-09-24,"CNMC dati mensili, linee mobili per operatore"
ES,share|OMV,2.34699,2025-11,2025-11-30,mensile,cnmc_api,https://catalogodatos.cnmc.es/dataset/ds_24397_1,2026-09-24,"CNMC dati mensili, linee mobili per operatore"
ES,share|OMV,2.29961,2025-12,2025-12-31,mensile,cnmc_api,https://catalogodatos.cnmc.es/dataset/ds_24397_1,2026-09-24,"CNMC dati mensili, linee mobili per operatore"
ES,share|OMV,2.22954,2026-01,2026-01-31,mensile,cnmc_api,https://catalogodatos.cnmc.es/dataset/ds_24397_1,2026-09-24,"CNMC dati mensili, linee mobili per operatore"
ES,share|OMV,2.15389,2026-02,2026-02-28,mensile,cnmc_api,https://catalogodatos.cnmc.es/dataset/ds_24397_1,2026-09-24,"CNMC dati mensili, linee mobili per operatore"
ES,share|OMV,1.94053,2026-03,2026-03-31,mensile,cnmc_api,https://catalogodatos.cnmc.es/dataset/ds_24397_1,2026-09-24,"CNMC dati mensili, linee mobili per operatore"
ES,share|OMV,1.90879,2026-04,2026-04-30,mensile,cnmc_api,https://catalogodatos.cnmc.es/dataset/ds_24397_1,2026-09-24,"CNMC dati mensili, linee mobili per operatore"
ES,share|OMV,1.87955,2026-05,2026-05-31,mensile,cnmc_api,https://catalogodatos.cnmc.es/dataset/ds_24397_1,2026-09-24,"CNMC dati mensili, linee mobili per operatore"
ES,share|OMV,1.8554,2026-06,2026-06-30,mensile,cnmc_api,https://catalogodatos.cnmc.es/dataset/ds_24397_1,2026-09-24,"CNMC dati mensili, linee mobili per operatore"
ES,share|OMV,1.83804,2026-07,2026-07-31,mensile,cnmc_api,https://catalogodatos.cnmc.es/dataset/ds_24397_1,2026-09-24,"CNMC dati mensili, linee mobili per operatore"
ES,share|Vodafone,18.75,2025-07,2025-07-31,mensile,cnmc_api,https://catalogodatos.cnmc.es/dataset/ds_24397_1,2026-09-24,"CNMC dati mensili, linee mobili per operatore"
ES,share|Vodafone,18.6627,2025-08,2025-08-31,mensile,cnmc_api,https://catalogodatos.cnmc.es/dataset/ds_24397_1,2026-09-24,"CNMC dati mensili, linee mobili per operatore"
ES,share|Vodafone,18.5764,2025-09,2025-09-30,mensile,cnmc_api,https://catalogodatos.cnmc.es/dataset/ds_24397_1,2026-09-24,"CNMC dati mensili, linee mobili per operatore"
ES,share|Vodafone,18.5936,2025-10,2025-10-31,mensile,cnmc_api,https://catalogodatos.cnmc.es/dataset/ds_24397_1,2026-09-24,"CNMC dati mensili, linee mobili per operatore"
ES,share|Vodafone,18.5521,2025-11,2025-11-30,mensile,cnmc_api,https://catalogodatos.cnmc.es/dataset/ds_24397_1,2026-09-24,"CNMC dati mensili, linee mobili per operatore"
ES,share|Vodafone,18.4979,2025-12,2025-12-31,mensile,cnmc_api,https://catalogodatos.cnmc.es/dataset/ds_24397_1,2026-09-24,"CNMC dati mensili, linee mobili per operatore"
ES,share|Vodafone,18.4213,2026-01,2026-01-31,mensile,cnmc_api,https://catalogodatos.cnmc.es/dataset/ds_24397_1,2026-09-24,"CNMC dati mensili, linee mobili per operatore"
ES,share|Vodafone,18.3855,2026-02,2026-02-28,mensile,cnmc_api,https://catalogodatos.cnmc.es/dataset/ds_24397_1,2026-09-24,"CNMC dati mensili, linee mobili per operatore"
ES,share|Vodafone,18.4553,2026-03,2026-03-31,mensile,cnmc_api,https://catalogodatos.cnmc.es/dataset/ds_24397_1,2026-09-24,"CNMC dati mensili, linee mobili per operatore"
ES,share|Vodafone,18.4639,2026-04,2026-04-30,mensile,cnmc_api,https://catalogodatos.cnmc.es/dataset/ds_24397_1,2026-09-24,"CNMC dati mensili, linee mobili per operatore"
ES,share|Vodafone,18.5602,2026-05,2026-05-31,mensile,cnmc_api,https://catalogodatos.cnmc.es/dataset/ds_24397_1,2026-09-24,"CNMC dati mensili, linee mobili per operatore"
ES,share|Vodafone,18.7059,2026-06,2026-06-30,mensile,cnmc_api,https://catalogodatos.cnmc.es/dataset/ds_24397_1,2026-09-24,"CNMC dati mensili, linee mobili per operatore"
ES,share|Vodafone,18.7179,2026-07,2026-07-31,mensile,cnmc_api,https://catalogodatos.cnmc.es/dataset/ds_24397_1,2026-09-24,"CNMC dati mensili, linee mobili per operatore"
