country,indicator,year,value,source_id,retrieved,via
AU,EN.POP.DNST,2014,3.05581479504836,worldbank,2026-09-23,api.worldbank.org v2
AU,EN.POP.DNST,2015,3.10011259648803,worldbank,2026-09-23,api.worldbank.org v2
AU,EN.POP.DNST,2016,3.14493553058884,worldbank,2026-09-23,api.worldbank.org v2
AU,EN.POP.DNST,2017,3.19715601363491,worldbank,2026-09-23,api.worldbank.org v2
AU,EN.POP.DNST,2018,3.24534491589985,worldbank,2026-09-23,api.worldbank.org v2
AU,EN.POP.DNST,2019,3.29365056253104,worldbank,2026-09-23,api.worldbank.org v2
AU,EN.POP.DNST,2020,3.33452695130798,worldbank,2026-09-23,api.worldbank.org v2
AU,EN.POP.DNST,2021,3.33922844714392,worldbank,2026-09-23,api.worldbank.org v2
AU,EN.POP.DNST,2022,3.38256023775289,worldbank,2026-09-23,api.worldbank.org v2
AU,EN.POP.DNST,2023,3.46591948538875,worldbank,2026-09-23,api.worldbank.org v2
AU,IT.CEL.SETS.P2,2014,106.206237340596,worldbank,2026-09-23,api.worldbank.org v2
AU,IT.CEL.SETS.P2,2015,107.608142007003,worldbank,2026-09-23,api.worldbank.org v2
AU,IT.CEL.SETS.P2,2016,109.128813718295,worldbank,2026-09-23,api.worldbank.org v2
AU,IT.CEL.SETS.P2,2017,107.799761578952,worldbank,2026-09-23,api.worldbank.org v2
AU,IT.CEL.SETS.P2,2018,110.033134941946,worldbank,2026-09-23,api.worldbank.org v2
AU,IT.CEL.SETS.P2,2019,109.752830879788,worldbank,2026-09-23,api.worldbank.org v2
AU,IT.CEL.SETS.P2,2020,104.930155780087,worldbank,2026-09-23,api.worldbank.org v2
AU,IT.CEL.SETS.P2,2021,105.118514623956,worldbank,2026-09-23,api.worldbank.org v2
AU,IT.CEL.SETS.P2,2022,109.469171081514,worldbank,2026-09-23,api.worldbank.org v2
AU,IT.CEL.SETS.P2,2023,112.513177133796,worldbank,2026-09-23,api.worldbank.org v2
AU,IT.CEL.SETS.P2,2024,112.581025002429,worldbank,2026-09-23,api.worldbank.org v2
AU,IT.NET.BBND.P2,2014,27.7000785019208,worldbank,2026-09-23,api.worldbank.org v2
AU,IT.NET.BBND.P2,2015,28.5117731324726,worldbank,2026-09-23,api.worldbank.org v2
AU,IT.NET.BBND.P2,2016,30.3083074972206,worldbank,2026-09-23,api.worldbank.org v2
AU,IT.NET.BBND.P2,2017,32.0326223266488,worldbank,2026-09-23,api.worldbank.org v2
AU,IT.NET.BBND.P2,2018,33.5486251312018,worldbank,2026-09-23,api.worldbank.org v2
AU,IT.NET.BBND.P2,2019,34.5434163723691,worldbank,2026-09-23,api.worldbank.org v2
AU,IT.NET.BBND.P2,2020,35.346849265518,worldbank,2026-09-23,api.worldbank.org v2
AU,IT.NET.BBND.P2,2021,35.8359861455454,worldbank,2026-09-23,api.worldbank.org v2
AU,IT.NET.BBND.P2,2022,36.3933201898066,worldbank,2026-09-23,api.worldbank.org v2
AU,IT.NET.BBND.P2,2023,36.627426494239,worldbank,2026-09-23,api.worldbank.org v2
AU,IT.NET.BBND.P2,2024,36.4788276060473,worldbank,2026-09-23,api.worldbank.org v2
AU,IT.NET.USER.ZS,2014,84.0,worldbank,2026-09-23,api.worldbank.org v2
AU,IT.NET.USER.ZS,2015,84.5605149091408,worldbank,2026-09-23,api.worldbank.org v2
AU,IT.NET.USER.ZS,2016,86.54000092,worldbank,2026-09-23,api.worldbank.org v2
AU,IT.NET.USER.ZS,2017,86.5450488476768,worldbank,2026-09-23,api.worldbank.org v2
AU,IT.NET.USER.ZS,2018,90.0082016,worldbank,2026-09-23,api.worldbank.org v2
AU,IT.NET.USER.ZS,2019,93.60990143,worldbank,2026-09-23,api.worldbank.org v2
AU,IT.NET.USER.ZS,2020,94.6934967,worldbank,2026-09-23,api.worldbank.org v2
AU,IT.NET.USER.ZS,2021,96.97219849,worldbank,2026-09-23,api.worldbank.org v2
AU,IT.NET.USER.ZS,2022,96.11940002,worldbank,2026-09-23,api.worldbank.org v2
AU,IT.NET.USER.ZS,2023,96.1160965,worldbank,2026-09-23,api.worldbank.org v2
AU,IT.NET.USER.ZS,2024,96.13140106,worldbank,2026-09-23,api.worldbank.org v2
AU,NY.GDP.MKTP.CD,2014,1474677007565.64,worldbank,2026-09-23,api.worldbank.org v2
AU,NY.GDP.MKTP.CD,2015,1356805839935.9,worldbank,2026-09-23,api.worldbank.org v2
AU,NY.GDP.MKTP.CD,2016,1211588128417.61,worldbank,2026-09-23,api.worldbank.org v2
AU,NY.GDP.MKTP.CD,2017,1330890554614.09,worldbank,2026-09-23,api.worldbank.org v2
AU,NY.GDP.MKTP.CD,2018,1433144978761.67,worldbank,2026-09-23,api.worldbank.org v2
AU,NY.GDP.MKTP.CD,2019,1398349602956.35,worldbank,2026-09-23,api.worldbank.org v2
AU,NY.GDP.MKTP.CD,2020,1333336461648.09,worldbank,2026-09-23,api.worldbank.org v2
AU,NY.GDP.MKTP.CD,2021,1560617493202.69,worldbank,2026-09-23,api.worldbank.org v2
AU,NY.GDP.MKTP.CD,2022,1695627535475.8,worldbank,2026-09-23,api.worldbank.org v2
AU,NY.GDP.MKTP.CD,2023,1734451264655.6,worldbank,2026-09-23,api.worldbank.org v2
AU,NY.GDP.MKTP.CD,2024,1757022451652.83,worldbank,2026-09-23,api.worldbank.org v2
AU,NY.GDP.MKTP.CD,2025,1798518933689.21,worldbank,2026-09-23,api.worldbank.org v2
AU,NY.GDP.PCAP.CD,2014,62817.2061751737,worldbank,2026-09-23,api.worldbank.org v2
AU,NY.GDP.PCAP.CD,2015,56970.3613028094,worldbank,2026-09-23,api.worldbank.org v2
AU,NY.GDP.PCAP.CD,2016,50084.4440606385,worldbank,2026-09-23,api.worldbank.org v2
AU,NY.GDP.PCAP.CD,2017,54117.547718609,worldbank,2026-09-23,api.worldbank.org v2
AU,NY.GDP.PCAP.CD,2018,57410.1737346009,worldbank,2026-09-23,api.worldbank.org v2
AU,NY.GDP.PCAP.CD,2019,55194.7585097428,worldbank,2026-09-23,api.worldbank.org v2
AU,NY.GDP.PCAP.CD,2020,51983.4523666382,worldbank,2026-09-23,api.worldbank.org v2
AU,NY.GDP.PCAP.CD,2021,60758.9044397144,worldbank,2026-09-23,api.worldbank.org v2
AU,NY.GDP.PCAP.CD,2022,65169.5191118657,worldbank,2026-09-23,api.worldbank.org v2
AU,NY.GDP.PCAP.CD,2023,65058.3773146674,worldbank,2026-09-23,api.worldbank.org v2
AU,NY.GDP.PCAP.CD,2024,64609.9865116088,worldbank,2026-09-23,api.worldbank.org v2
AU,NY.GDP.PCAP.CD,2025,65129.7227990563,worldbank,2026-09-23,api.worldbank.org v2
AU,NY.GDP.PCAP.PP.CD,2014,47108.5906459966,worldbank,2026-09-23,api.worldbank.org v2
AU,NY.GDP.PCAP.PP.CD,2015,46464.5867627929,worldbank,2026-09-23,api.worldbank.org v2
AU,NY.GDP.PCAP.PP.CD,2016,47446.2103030951,worldbank,2026-09-23,api.worldbank.org v2
AU,NY.GDP.PCAP.PP.CD,2017,48564.8286592372,worldbank,2026-09-23,api.worldbank.org v2
AU,NY.GDP.PCAP.PP.CD,2018,50371.233830782,worldbank,2026-09-23,api.worldbank.org v2
AU,NY.GDP.PCAP.PP.CD,2019,52885.8313816377,worldbank,2026-09-23,api.worldbank.org v2
AU,NY.GDP.PCAP.PP.CD,2020,54184.1614486854,worldbank,2026-09-23,api.worldbank.org v2
AU,NY.GDP.PCAP.PP.CD,2021,58327.4146842325,worldbank,2026-09-23,api.worldbank.org v2
AU,NY.GDP.PCAP.PP.CD,2022,66103.1797066957,worldbank,2026-09-23,api.worldbank.org v2
AU,NY.GDP.PCAP.PP.CD,2023,72272.7092136683,worldbank,2026-09-23,api.worldbank.org v2
AU,NY.GDP.PCAP.PP.CD,2024,72117.8826659555,worldbank,2026-09-23,api.worldbank.org v2
AU,NY.GDP.PCAP.PP.CD,2025,71934.4033931263,worldbank,2026-09-23,api.worldbank.org v2
AU,SP.POP.TOTL,2014,23475686.0,worldbank,2026-09-23,api.worldbank.org v2
AU,SP.POP.TOTL,2015,23815995.0,worldbank,2026-09-23,api.worldbank.org v2
AU,SP.POP.TOTL,2016,24190907.0,worldbank,2026-09-23,api.worldbank.org v2
AU,SP.POP.TOTL,2017,24592588.0,worldbank,2026-09-23,api.worldbank.org v2
AU,SP.POP.TOTL,2018,24963258.0,worldbank,2026-09-23,api.worldbank.org v2
AU,SP.POP.TOTL,2019,25334826.0,worldbank,2026-09-23,api.worldbank.org v2
AU,SP.POP.TOTL,2020,25649248.0,worldbank,2026-09-23,api.worldbank.org v2
AU,SP.POP.TOTL,2021,25685412.0,worldbank,2026-09-23,api.worldbank.org v2
AU,SP.POP.TOTL,2022,26018721.0,worldbank,2026-09-23,api.worldbank.org v2
AU,SP.POP.TOTL,2023,26659922.0,worldbank,2026-09-23,api.worldbank.org v2
AU,SP.POP.TOTL,2024,27194286.0,worldbank,2026-09-23,api.worldbank.org v2
AU,SP.POP.TOTL,2025,27614411.0,worldbank,2026-09-23,api.worldbank.org v2
AU,SP.URB.TOTL.IN.ZS,2014,86.7221289343356,worldbank,2026-09-23,api.worldbank.org v2
AU,SP.URB.TOTL.IN.ZS,2015,86.8778642539361,worldbank,2026-09-23,api.worldbank.org v2
AU,SP.URB.TOTL.IN.ZS,2016,87.0166295249235,worldbank,2026-09-23,api.worldbank.org v2
AU,SP.URB.TOTL.IN.ZS,2017,87.12809266445,worldbank,2026-09-23,api.worldbank.org v2
AU,SP.URB.TOTL.IN.ZS,2018,87.2267680845925,worldbank,2026-09-23,api.worldbank.org v2
AU,SP.URB.TOTL.IN.ZS,2019,87.3019647888406,worldbank,2026-09-23,api.worldbank.org v2
AU,SP.URB.TOTL.IN.ZS,2020,87.2713470458985,worldbank,2026-09-23,api.worldbank.org v2
AU,SP.URB.TOTL.IN.ZS,2021,87.2353407632761,worldbank,2026-09-23,api.worldbank.org v2
AU,SP.URB.TOTL.IN.ZS,2022,87.3343268253813,worldbank,2026-09-23,api.worldbank.org v2
AU,SP.URB.TOTL.IN.ZS,2023,87.4866955653765,worldbank,2026-09-23,api.worldbank.org v2
AU,SP.URB.TOTL.IN.ZS,2024,87.6021469990446,worldbank,2026-09-23,api.worldbank.org v2
AU,SP.URB.TOTL.IN.ZS,2025,87.7192672666333,worldbank,2026-09-23,api.worldbank.org v2
BR,EN.POP.DNST,2014,23.93895376244,worldbank,2026-09-23,api.worldbank.org v2
BR,EN.POP.DNST,2015,24.1292359304821,worldbank,2026-09-23,api.worldbank.org v2
BR,EN.POP.DNST,2016,24.3137963709629,worldbank,2026-09-23,api.worldbank.org v2
BR,EN.POP.DNST,2017,24.4915070817191,worldbank,2026-09-23,api.worldbank.org v2
BR,EN.POP.DNST,2018,24.659465024515,worldbank,2026-09-23,api.worldbank.org v2
BR,EN.POP.DNST,2019,24.8207686159839,worldbank,2026-09-23,api.worldbank.org v2
BR,EN.POP.DNST,2020,24.9649852718428,worldbank,2026-09-23,api.worldbank.org v2
BR,EN.POP.DNST,2021,25.0714027283582,worldbank,2026-09-23,api.worldbank.org v2
BR,EN.POP.DNST,2022,25.161867951482,worldbank,2026-09-23,api.worldbank.org v2
BR,EN.POP.DNST,2023,25.2616884857157,worldbank,2026-09-23,api.worldbank.org v2
BR,IT.CEL.SETS.P2,2014,140.304679417776,worldbank,2026-09-23,api.worldbank.org v2
BR,IT.CEL.SETS.P2,2015,127.83616904008,worldbank,2026-09-23,api.worldbank.org v2
BR,IT.CEL.SETS.P2,2016,120.101181531485,worldbank,2026-09-23,api.worldbank.org v2
BR,IT.CEL.SETS.P2,2017,108.092570205646,worldbank,2026-09-23,api.worldbank.org v2
BR,IT.CEL.SETS.P2,2018,101.602460284017,worldbank,2026-09-23,api.worldbank.org v2
BR,IT.CEL.SETS.P2,2019,97.3747376780285,worldbank,2026-09-23,api.worldbank.org v2
BR,IT.CEL.SETS.P2,2020,98.6456198619193,worldbank,2026-09-23,api.worldbank.org v2
BR,IT.CEL.SETS.P2,2021,104.824727184587,worldbank,2026-09-23,api.worldbank.org v2
BR,IT.CEL.SETS.P2,2022,101.245468903076,worldbank,2026-09-23,api.worldbank.org v2
BR,IT.CEL.SETS.P2,2023,101.020256020808,worldbank,2026-09-23,api.worldbank.org v2
BR,IT.CEL.SETS.P2,2024,101.926846460424,worldbank,2026-09-23,api.worldbank.org v2
BR,IT.NET.BBND.P2,2014,11.9790772854396,worldbank,2026-09-23,api.worldbank.org v2
BR,IT.NET.BBND.P2,2015,12.6353840484725,worldbank,2026-09-23,api.worldbank.org v2
BR,IT.NET.BBND.P2,2016,13.217709027651,worldbank,2026-09-23,api.worldbank.org v2
BR,IT.NET.BBND.P2,2017,14.1218273097456,worldbank,2026-09-23,api.worldbank.org v2
BR,IT.NET.BBND.P2,2018,15.1537620986579,worldbank,2026-09-23,api.worldbank.org v2
BR,IT.NET.BBND.P2,2019,15.8621991239093,worldbank,2026-09-23,api.worldbank.org v2
BR,IT.NET.BBND.P2,2020,17.418059685583,worldbank,2026-09-23,api.worldbank.org v2
BR,IT.NET.BBND.P2,2021,19.8363162401481,worldbank,2026-09-23,api.worldbank.org v2
BR,IT.NET.BBND.P2,2022,20.9534469027015,worldbank,2026-09-23,api.worldbank.org v2
BR,IT.NET.BBND.P2,2023,22.4192301618889,worldbank,2026-09-23,api.worldbank.org v2
BR,IT.NET.BBND.P2,2024,24.079199344422,worldbank,2026-09-23,api.worldbank.org v2
BR,IT.NET.USER.ZS,2014,54.5510018796392,worldbank,2026-09-23,api.worldbank.org v2
BR,IT.NET.USER.ZS,2015,58.3279517340924,worldbank,2026-09-23,api.worldbank.org v2
BR,IT.NET.USER.ZS,2016,60.8725400681261,worldbank,2026-09-23,api.worldbank.org v2
BR,IT.NET.USER.ZS,2017,67.4712845236305,worldbank,2026-09-23,api.worldbank.org v2
BR,IT.NET.USER.ZS,2018,70.4342825404361,worldbank,2026-09-23,api.worldbank.org v2
BR,IT.NET.USER.ZS,2019,73.9124399133589,worldbank,2026-09-23,api.worldbank.org v2
BR,IT.NET.USER.ZS,2020,81.34269353,worldbank,2026-09-23,api.worldbank.org v2
BR,IT.NET.USER.ZS,2021,80.68989314,worldbank,2026-09-23,api.worldbank.org v2
BR,IT.NET.USER.ZS,2022,80.52775094,worldbank,2026-09-23,api.worldbank.org v2
BR,IT.NET.USER.ZS,2023,84.15060238,worldbank,2026-09-23,api.worldbank.org v2
BR,IT.NET.USER.ZS,2024,84.46347227,worldbank,2026-09-23,api.worldbank.org v2
BR,NY.GDP.MKTP.CD,2014,2456043727198.85,worldbank,2026-09-23,api.worldbank.org v2
BR,NY.GDP.MKTP.CD,2015,1802212206814.5,worldbank,2026-09-23,api.worldbank.org v2
BR,NY.GDP.MKTP.CD,2016,1795693482853.01,worldbank,2026-09-23,api.worldbank.org v2
BR,NY.GDP.MKTP.CD,2017,2063514977365.65,worldbank,2026-09-23,api.worldbank.org v2
BR,NY.GDP.MKTP.CD,2018,1916933898010.99,worldbank,2026-09-23,api.worldbank.org v2
BR,NY.GDP.MKTP.CD,2019,1873288205059.69,worldbank,2026-09-23,api.worldbank.org v2
BR,NY.GDP.MKTP.CD,2020,1476107231310.49,worldbank,2026-09-23,api.worldbank.org v2
BR,NY.GDP.MKTP.CD,2021,1670647398904.9,worldbank,2026-09-23,api.worldbank.org v2
BR,NY.GDP.MKTP.CD,2022,1951923942083.32,worldbank,2026-09-23,api.worldbank.org v2
BR,NY.GDP.MKTP.CD,2023,2191131765684.63,worldbank,2026-09-23,api.worldbank.org v2
BR,NY.GDP.MKTP.CD,2024,2185821610689.31,worldbank,2026-09-23,api.worldbank.org v2
BR,NY.GDP.MKTP.CD,2025,2279920092492.13,worldbank,2026-09-23,api.worldbank.org v2
BR,NY.GDP.PCAP.CD,2014,12274.9939689363,worldbank,2026-09-23,api.worldbank.org v2
BR,NY.GDP.PCAP.CD,2015,8936.19661712113,worldbank,2026-09-23,api.worldbank.org v2
BR,NY.GDP.PCAP.CD,2016,8836.28652735657,worldbank,2026-09-23,api.worldbank.org v2
BR,NY.GDP.PCAP.CD,2017,10080.5092819305,worldbank,2026-09-23,api.worldbank.org v2
BR,NY.GDP.PCAP.CD,2018,9300.66164923219,worldbank,2026-09-23,api.worldbank.org v2
BR,NY.GDP.PCAP.CD,2019,9029.83326681073,worldbank,2026-09-23,api.worldbank.org v2
BR,NY.GDP.PCAP.CD,2020,7074.19378337644,worldbank,2026-09-23,api.worldbank.org v2
BR,NY.GDP.PCAP.CD,2021,7972.5366498646,worldbank,2026-09-23,api.worldbank.org v2
BR,NY.GDP.PCAP.CD,2022,9281.33334441234,worldbank,2026-09-23,api.worldbank.org v2
BR,NY.GDP.PCAP.CD,2023,10377.5892792557,worldbank,2026-09-23,api.worldbank.org v2
BR,NY.GDP.PCAP.CD,2024,10310.5486973693,worldbank,2026-09-23,api.worldbank.org v2
BR,NY.GDP.PCAP.CD,2025,10713.2856869511,worldbank,2026-09-23,api.worldbank.org v2
BR,NY.GDP.PCAP.PP.CD,2014,15827.3081625514,worldbank,2026-09-23,api.worldbank.org v2
BR,NY.GDP.PCAP.PP.CD,2015,14821.4383174534,worldbank,2026-09-23,api.worldbank.org v2
BR,NY.GDP.PCAP.PP.CD,2016,14309.2061489274,worldbank,2026-09-23,api.worldbank.org v2
BR,NY.GDP.PCAP.PP.CD,2017,14559.0488897004,worldbank,2026-09-23,api.worldbank.org v2
BR,NY.GDP.PCAP.PP.CD,2018,15463.7426393889,worldbank,2026-09-23,api.worldbank.org v2
BR,NY.GDP.PCAP.PP.CD,2019,16069.8380152627,worldbank,2026-09-23,api.worldbank.org v2
BR,NY.GDP.PCAP.PP.CD,2020,16101.6183063466,worldbank,2026-09-23,api.worldbank.org v2
BR,NY.GDP.PCAP.PP.CD,2021,18075.7060049068,worldbank,2026-09-23,api.worldbank.org v2
BR,NY.GDP.PCAP.PP.CD,2022,19873.7032623309,worldbank,2026-09-23,api.worldbank.org v2
BR,NY.GDP.PCAP.PP.CD,2023,21193.0721417478,worldbank,2026-09-23,api.worldbank.org v2
BR,NY.GDP.PCAP.PP.CD,2024,22370.9182253225,worldbank,2026-09-23,api.worldbank.org v2
BR,NY.GDP.PCAP.PP.CD,2025,23433.2897595431,worldbank,2026-09-23,api.worldbank.org v2
BR,SP.POP.TOTL,2014,200085127.0,worldbank,2026-09-23,api.worldbank.org v2
BR,SP.POP.TOTL,2015,201675532.0,worldbank,2026-09-23,api.worldbank.org v2
BR,SP.POP.TOTL,2016,203218114.0,worldbank,2026-09-23,api.worldbank.org v2
BR,SP.POP.TOTL,2017,204703445.0,worldbank,2026-09-23,api.worldbank.org v2
BR,SP.POP.TOTL,2018,206107261.0,worldbank,2026-09-23,api.worldbank.org v2
BR,SP.POP.TOTL,2019,207455459.0,worldbank,2026-09-23,api.worldbank.org v2
BR,SP.POP.TOTL,2020,208660842.0,worldbank,2026-09-23,api.worldbank.org v2
BR,SP.POP.TOTL,2021,209550294.0,worldbank,2026-09-23,api.worldbank.org v2
BR,SP.POP.TOTL,2022,210306415.0,worldbank,2026-09-23,api.worldbank.org v2
BR,SP.POP.TOTL,2023,211140729.0,worldbank,2026-09-23,api.worldbank.org v2
BR,SP.POP.TOTL,2024,211998573.0,worldbank,2026-09-23,api.worldbank.org v2
BR,SP.POP.TOTL,2025,212812405.0,worldbank,2026-09-23,api.worldbank.org v2
BR,SP.URB.TOTL.IN.ZS,2014,85.4331367898168,worldbank,2026-09-23,api.worldbank.org v2
BR,SP.URB.TOTL.IN.ZS,2015,85.6935697061881,worldbank,2026-09-23,api.worldbank.org v2
BR,SP.URB.TOTL.IN.ZS,2016,85.9487048448108,worldbank,2026-09-23,api.worldbank.org v2
BR,SP.URB.TOTL.IN.ZS,2017,86.1982897571091,worldbank,2026-09-23,api.worldbank.org v2
BR,SP.URB.TOTL.IN.ZS,2018,86.4420719945072,worldbank,2026-09-23,api.worldbank.org v2
BR,SP.URB.TOTL.IN.ZS,2019,86.6797991084296,worldbank,2026-09-23,api.worldbank.org v2
BR,SP.URB.TOTL.IN.ZS,2020,86.9112186503004,worldbank,2026-09-23,api.worldbank.org v2
BR,SP.URB.TOTL.IN.ZS,2021,87.1360781715439,worldbank,2026-09-23,api.worldbank.org v2
BR,SP.URB.TOTL.IN.ZS,2022,87.349556243881,worldbank,2026-09-23,api.worldbank.org v2
BR,SP.URB.TOTL.IN.ZS,2023,87.6159710235763,worldbank,2026-09-23,api.worldbank.org v2
BR,SP.URB.TOTL.IN.ZS,2024,87.8958549533146,worldbank,2026-09-23,api.worldbank.org v2
BR,SP.URB.TOTL.IN.ZS,2025,88.1772996487898,worldbank,2026-09-23,api.worldbank.org v2
CA,EN.POP.DNST,2014,3.9522291338328,worldbank,2026-09-23,api.worldbank.org v2
CA,EN.POP.DNST,2015,3.98239245827659,worldbank,2026-09-23,api.worldbank.org v2
CA,EN.POP.DNST,2016,4.02771072511681,worldbank,2026-09-23,api.worldbank.org v2
CA,EN.POP.DNST,2017,4.07614836279598,worldbank,2026-09-23,api.worldbank.org v2
CA,EN.POP.DNST,2018,4.13498944297029,worldbank,2026-09-23,api.worldbank.org v2
CA,EN.POP.DNST,2019,4.19587500655283,worldbank,2026-09-23,api.worldbank.org v2
CA,EN.POP.DNST,2020,4.24162135453439,worldbank,2026-09-23,api.worldbank.org v2
CA,EN.POP.DNST,2021,4.351026204103,worldbank,2026-09-23,api.worldbank.org v2
CA,EN.POP.DNST,2022,4.43184225198266,worldbank,2026-09-23,api.worldbank.org v2
CA,EN.POP.DNST,2023,4.5568841808231,worldbank,2026-09-23,api.worldbank.org v2
CA,IT.CEL.SETS.P2,2014,80.790219211487,worldbank,2026-09-23,api.worldbank.org v2
CA,IT.CEL.SETS.P2,2015,82.767383138656,worldbank,2026-09-23,api.worldbank.org v2
CA,IT.CEL.SETS.P2,2016,84.5919452304565,worldbank,2026-09-23,api.worldbank.org v2
CA,IT.CEL.SETS.P2,2017,86.1024018448784,worldbank,2026-09-23,api.worldbank.org v2
CA,IT.CEL.SETS.P2,2018,89.0494584998715,worldbank,2026-09-23,api.worldbank.org v2
CA,IT.CEL.SETS.P2,2019,90.9589210049458,worldbank,2026-09-23,api.worldbank.org v2
CA,IT.CEL.SETS.P2,2020,84.7747749116615,worldbank,2026-09-23,api.worldbank.org v2
CA,IT.CEL.SETS.P2,2021,87.4056019628826,worldbank,2026-09-23,api.worldbank.org v2
CA,IT.CEL.SETS.P2,2022,91.2386689983444,worldbank,2026-09-23,api.worldbank.org v2
CA,IT.CEL.SETS.P2,2023,94.1497268194785,worldbank,2026-09-23,api.worldbank.org v2
CA,IT.CEL.SETS.P2,2024,94.1059718794246,worldbank,2026-09-23,api.worldbank.org v2
CA,IT.NET.BBND.P2,2014,35.2694249557112,worldbank,2026-09-23,api.worldbank.org v2
CA,IT.NET.BBND.P2,2015,36.4698589080979,worldbank,2026-09-23,api.worldbank.org v2
CA,IT.NET.BBND.P2,2016,36.8232874759276,worldbank,2026-09-23,api.worldbank.org v2
CA,IT.NET.BBND.P2,2017,37.8276923396247,worldbank,2026-09-23,api.worldbank.org v2
CA,IT.NET.BBND.P2,2018,38.7333531661948,worldbank,2026-09-23,api.worldbank.org v2
CA,IT.NET.BBND.P2,2019,40.076756874499,worldbank,2026-09-23,api.worldbank.org v2
CA,IT.NET.BBND.P2,2020,40.7949805592606,worldbank,2026-09-23,api.worldbank.org v2
CA,IT.NET.BBND.P2,2021,41.6930962576979,worldbank,2026-09-23,api.worldbank.org v2
CA,IT.NET.BBND.P2,2022,42.1792116530791,worldbank,2026-09-23,api.worldbank.org v2
CA,IT.NET.BBND.P2,2023,42.5241770773151,worldbank,2026-09-23,api.worldbank.org v2
CA,IT.NET.BBND.P2,2024,42.5238215177079,worldbank,2026-09-23,api.worldbank.org v2
CA,IT.NET.USER.ZS,2014,87.12000275,worldbank,2026-09-23,api.worldbank.org v2
CA,IT.NET.USER.ZS,2015,90.0,worldbank,2026-09-23,api.worldbank.org v2
CA,IT.NET.USER.ZS,2016,91.16000366,worldbank,2026-09-23,api.worldbank.org v2
CA,IT.NET.USER.ZS,2017,92.70140076,worldbank,2026-09-23,api.worldbank.org v2
CA,IT.NET.USER.ZS,2018,94.64,worldbank,2026-09-23,api.worldbank.org v2
CA,IT.NET.USER.ZS,2019,91.91290283,worldbank,2026-09-23,api.worldbank.org v2
CA,IT.NET.USER.ZS,2020,92.3,worldbank,2026-09-23,api.worldbank.org v2
CA,IT.NET.USER.ZS,2021,93.93710327,worldbank,2026-09-23,api.worldbank.org v2
CA,IT.NET.USER.ZS,2022,94.0,worldbank,2026-09-23,api.worldbank.org v2
CA,IT.NET.USER.ZS,2023,94.14530182,worldbank,2026-09-23,api.worldbank.org v2
CA,IT.NET.USER.ZS,2024,94.353302,worldbank,2026-09-23,api.worldbank.org v2
CA,NY.GDP.MKTP.CD,2014,1805751688808.98,worldbank,2026-09-23,api.worldbank.org v2
CA,NY.GDP.MKTP.CD,2015,1556510380200.23,worldbank,2026-09-23,api.worldbank.org v2
CA,NY.GDP.MKTP.CD,2016,1527996250640.92,worldbank,2026-09-23,api.worldbank.org v2
CA,NY.GDP.MKTP.CD,2017,1649269496514.62,worldbank,2026-09-23,api.worldbank.org v2
CA,NY.GDP.MKTP.CD,2018,1725330736237.69,worldbank,2026-09-23,api.worldbank.org v2
CA,NY.GDP.MKTP.CD,2019,1743728952156.85,worldbank,2026-09-23,api.worldbank.org v2
CA,NY.GDP.MKTP.CD,2020,1655686966881.99,worldbank,2026-09-23,api.worldbank.org v2
CA,NY.GDP.MKTP.CD,2021,2022377950896.78,worldbank,2026-09-23,api.worldbank.org v2
CA,NY.GDP.MKTP.CD,2022,2200562785046.32,worldbank,2026-09-23,api.worldbank.org v2
CA,NY.GDP.MKTP.CD,2023,2196593836347.42,worldbank,2026-09-23,api.worldbank.org v2
CA,NY.GDP.MKTP.CD,2024,2270076189683.46,worldbank,2026-09-23,api.worldbank.org v2
CA,NY.GDP.MKTP.CD,2025,2319899772425.92,worldbank,2026-09-23,api.worldbank.org v2
CA,NY.GDP.PCAP.CD,2014,50960.8942086685,worldbank,2026-09-23,api.worldbank.org v2
CA,NY.GDP.PCAP.CD,2015,43594.2379080706,worldbank,2026-09-23,api.worldbank.org v2
CA,NY.GDP.PCAP.CD,2016,42314.1033623905,worldbank,2026-09-23,api.worldbank.org v2
CA,NY.GDP.PCAP.CD,2017,45129.7335281051,worldbank,2026-09-23,api.worldbank.org v2
CA,NY.GDP.PCAP.CD,2018,46539.2177903178,worldbank,2026-09-23,api.worldbank.org v2
CA,NY.GDP.PCAP.CD,2019,46352.9695208927,worldbank,2026-09-23,api.worldbank.org v2
CA,NY.GDP.PCAP.CD,2020,43537.8981198851,worldbank,2026-09-23,api.worldbank.org v2
CA,NY.GDP.PCAP.CD,2021,52886.6407813788,worldbank,2026-09-23,api.worldbank.org v2
CA,NY.GDP.PCAP.CD,2022,56496.9275340663,worldbank,2026-09-23,api.worldbank.org v2
CA,NY.GDP.PCAP.CD,2023,54847.5370112652,worldbank,2026-09-23,api.worldbank.org v2
CA,NY.GDP.PCAP.CD,2024,55015.7066917734,worldbank,2026-09-23,api.worldbank.org v2
CA,NY.GDP.PCAP.CD,2025,55697.6639660837,worldbank,2026-09-23,api.worldbank.org v2
CA,NY.GDP.PCAP.PP.CD,2014,45758.1466048816,worldbank,2026-09-23,api.worldbank.org v2
CA,NY.GDP.PCAP.PP.CD,2015,44668.1361640155,worldbank,2026-09-23,api.worldbank.org v2
CA,NY.GDP.PCAP.PP.CD,2016,46470.6925239685,worldbank,2026-09-23,api.worldbank.org v2
CA,NY.GDP.PCAP.PP.CD,2017,48317.500303004,worldbank,2026-09-23,api.worldbank.org v2
CA,NY.GDP.PCAP.PP.CD,2018,49982.6446255492,worldbank,2026-09-23,api.worldbank.org v2
CA,NY.GDP.PCAP.PP.CD,2019,50499.0822425462,worldbank,2026-09-23,api.worldbank.org v2
CA,NY.GDP.PCAP.PP.CD,2020,48590.748859725,worldbank,2026-09-23,api.worldbank.org v2
CA,NY.GDP.PCAP.PP.CD,2021,56995.0952020711,worldbank,2026-09-23,api.worldbank.org v2
CA,NY.GDP.PCAP.PP.CD,2022,64217.0443455227,worldbank,2026-09-23,api.worldbank.org v2
CA,NY.GDP.PCAP.PP.CD,2023,64962.1919440095,worldbank,2026-09-23,api.worldbank.org v2
CA,NY.GDP.PCAP.PP.CD,2024,65482.9454728344,worldbank,2026-09-23,api.worldbank.org v2
CA,NY.GDP.PCAP.PP.CD,2025,66745.8248561648,worldbank,2026-09-23,api.worldbank.org v2
CA,SP.POP.TOTL,2014,35434066.0,worldbank,2026-09-23,api.worldbank.org v2
CA,SP.POP.TOTL,2015,35704498.0,worldbank,2026-09-23,api.worldbank.org v2
CA,SP.POP.TOTL,2016,36110803.0,worldbank,2026-09-23,api.worldbank.org v2
CA,SP.POP.TOTL,2017,36545075.0,worldbank,2026-09-23,api.worldbank.org v2
CA,SP.POP.TOTL,2018,37072620.0,worldbank,2026-09-23,api.worldbank.org v2
CA,SP.POP.TOTL,2019,37618495.0,worldbank,2026-09-23,api.worldbank.org v2
CA,SP.POP.TOTL,2020,38028638.0,worldbank,2026-09-23,api.worldbank.org v2
CA,SP.POP.TOTL,2021,38239864.0,worldbank,2026-09-23,api.worldbank.org v2
CA,SP.POP.TOTL,2022,38950132.0,worldbank,2026-09-23,api.worldbank.org v2
CA,SP.POP.TOTL,2023,40049088.0,worldbank,2026-09-23,api.worldbank.org v2
CA,SP.POP.TOTL,2024,41262329.0,worldbank,2026-09-23,api.worldbank.org v2
CA,SP.POP.TOTL,2025,41651653.0,worldbank,2026-09-23,api.worldbank.org v2
CA,SP.URB.TOTL.IN.ZS,2014,81.211183161556,worldbank,2026-09-23,api.worldbank.org v2
CA,SP.URB.TOTL.IN.ZS,2015,81.2465670276699,worldbank,2026-09-23,api.worldbank.org v2
CA,SP.URB.TOTL.IN.ZS,2016,81.3023011093703,worldbank,2026-09-23,api.worldbank.org v2
CA,SP.URB.TOTL.IN.ZS,2017,81.4018945832226,worldbank,2026-09-23,api.worldbank.org v2
CA,SP.URB.TOTL.IN.ZS,2018,81.5500341646653,worldbank,2026-09-23,api.worldbank.org v2
CA,SP.URB.TOTL.IN.ZS,2019,81.7363672047941,worldbank,2026-09-23,api.worldbank.org v2
CA,SP.URB.TOTL.IN.ZS,2020,81.9509888710566,worldbank,2026-09-23,api.worldbank.org v2
CA,SP.URB.TOTL.IN.ZS,2021,82.1779279079275,worldbank,2026-09-23,api.worldbank.org v2
CA,SP.URB.TOTL.IN.ZS,2022,82.3500897353968,worldbank,2026-09-23,api.worldbank.org v2
CA,SP.URB.TOTL.IN.ZS,2023,82.5250564408346,worldbank,2026-09-23,api.worldbank.org v2
CA,SP.URB.TOTL.IN.ZS,2024,82.7002565766633,worldbank,2026-09-23,api.worldbank.org v2
CA,SP.URB.TOTL.IN.ZS,2025,82.8757020253886,worldbank,2026-09-23,api.worldbank.org v2
CN,EN.POP.DNST,2014,146.125816729087,worldbank,2026-09-23,api.worldbank.org v2
CN,EN.POP.DNST,2015,146.977949259981,worldbank,2026-09-23,api.worldbank.org v2
CN,EN.POP.DNST,2016,147.822641376791,worldbank,2026-09-23,api.worldbank.org v2
CN,EN.POP.DNST,2017,148.720043543977,worldbank,2026-09-23,api.worldbank.org v2
CN,EN.POP.DNST,2018,149.417194545073,worldbank,2026-09-23,api.worldbank.org v2
CN,EN.POP.DNST,2019,149.948179684945,worldbank,2026-09-23,api.worldbank.org v2
CN,EN.POP.DNST,2020,150.305542803154,worldbank,2026-09-23,api.worldbank.org v2
CN,EN.POP.DNST,2021,150.439753691066,worldbank,2026-09-23,api.worldbank.org v2
CN,EN.POP.DNST,2022,150.42004812419,worldbank,2026-09-23,api.worldbank.org v2
CN,EN.POP.DNST,2023,150.264001337848,worldbank,2026-09-23,api.worldbank.org v2
CN,IT.CEL.SETS.P2,2014,92.6612034094217,worldbank,2026-09-23,api.worldbank.org v2
CN,IT.CEL.SETS.P2,2015,92.5401171363348,worldbank,2026-09-23,api.worldbank.org v2
CN,IT.CEL.SETS.P2,2016,97.2138770934621,worldbank,2026-09-23,api.worldbank.org v2
CN,IT.CEL.SETS.P2,2017,104.073181609424,worldbank,2026-09-23,api.worldbank.org v2
CN,IT.CEL.SETS.P2,2018,116.229125477063,worldbank,2026-09-23,api.worldbank.org v2
CN,IT.CEL.SETS.P2,2019,122.670391850252,worldbank,2026-09-23,api.worldbank.org v2
CN,IT.CEL.SETS.P2,2020,120.496715387079,worldbank,2026-09-23,api.worldbank.org v2
CN,IT.CEL.SETS.P2,2021,121.491918368395,worldbank,2026-09-23,api.worldbank.org v2
CN,IT.CEL.SETS.P2,2022,124.195248970763,worldbank,2026-09-23,api.worldbank.org v2
CN,IT.CEL.SETS.P2,2023,128.247014127486,worldbank,2026-09-23,api.worldbank.org v2
CN,IT.CEL.SETS.P2,2024,131.753932036803,worldbank,2026-09-23,api.worldbank.org v2
CN,IT.NET.BBND.P2,2014,14.4445199866037,worldbank,2026-09-23,api.worldbank.org v2
CN,IT.NET.BBND.P2,2015,19.8437947555032,worldbank,2026-09-23,api.worldbank.org v2
CN,IT.NET.BBND.P2,2016,22.9761329915729,worldbank,2026-09-23,api.worldbank.org v2
CN,IT.NET.BBND.P2,2017,27.9101271418763,worldbank,2026-09-23,api.worldbank.org v2
CN,IT.NET.BBND.P2,2018,28.7089097131815,worldbank,2026-09-23,api.worldbank.org v2
CN,IT.NET.BBND.P2,2019,31.5611222411202,worldbank,2026-09-23,api.worldbank.org v2
CN,IT.NET.BBND.P2,2020,33.9069794578039,worldbank,2026-09-23,api.worldbank.org v2
CN,IT.NET.BBND.P2,2021,37.5611751315805,worldbank,2026-09-23,api.worldbank.org v2
CN,IT.NET.BBND.P2,2022,41.3736197056022,worldbank,2026-09-23,api.worldbank.org v2
CN,IT.NET.BBND.P2,2023,44.728886496649,worldbank,2026-09-23,api.worldbank.org v2
CN,IT.NET.BBND.P2,2024,47.1933952081567,worldbank,2026-09-23,api.worldbank.org v2
CN,IT.NET.USER.ZS,2014,47.90000153,worldbank,2026-09-23,api.worldbank.org v2
CN,IT.NET.USER.ZS,2015,50.29999924,worldbank,2026-09-23,api.worldbank.org v2
CN,IT.NET.USER.ZS,2016,53.2,worldbank,2026-09-23,api.worldbank.org v2
CN,IT.NET.USER.ZS,2017,54.3,worldbank,2026-09-23,api.worldbank.org v2
CN,IT.NET.USER.ZS,2018,65.35839844,worldbank,2026-09-23,api.worldbank.org v2
CN,IT.NET.USER.ZS,2019,64.080881297515,worldbank,2026-09-23,api.worldbank.org v2
CN,IT.NET.USER.ZS,2020,70.05275998,worldbank,2026-09-23,api.worldbank.org v2
CN,IT.NET.USER.ZS,2021,73.05323517,worldbank,2026-09-23,api.worldbank.org v2
CN,IT.NET.USER.ZS,2022,75.61131603,worldbank,2026-09-23,api.worldbank.org v2
CN,IT.NET.USER.ZS,2023,90.6,worldbank,2026-09-23,api.worldbank.org v2
CN,IT.NET.USER.ZS,2024,92.0,worldbank,2026-09-23,api.worldbank.org v2
CN,IT.NET.USER.ZS,2025,91.6,worldbank,2026-09-23,api.worldbank.org v2
CN,NY.GDP.MKTP.CD,2014,10674533168257.4,worldbank,2026-09-23,api.worldbank.org v2
CN,NY.GDP.MKTP.CD,2015,11280814787468.9,worldbank,2026-09-23,api.worldbank.org v2
CN,NY.GDP.MKTP.CD,2016,11456024084962.0,worldbank,2026-09-23,api.worldbank.org v2
CN,NY.GDP.MKTP.CD,2017,12537559062282.9,worldbank,2026-09-23,api.worldbank.org v2
CN,NY.GDP.MKTP.CD,2018,14147765772963.8,worldbank,2026-09-23,api.worldbank.org v2
CN,NY.GDP.MKTP.CD,2019,14560167101283.4,worldbank,2026-09-23,api.worldbank.org v2
CN,NY.GDP.MKTP.CD,2020,14996414166715.1,worldbank,2026-09-23,api.worldbank.org v2
CN,NY.GDP.MKTP.CD,2021,18201698719564.0,worldbank,2026-09-23,api.worldbank.org v2
CN,NY.GDP.MKTP.CD,2022,18316765021690.2,worldbank,2026-09-23,api.worldbank.org v2
CN,NY.GDP.MKTP.CD,2023,18270356654533.2,worldbank,2026-09-23,api.worldbank.org v2
CN,NY.GDP.MKTP.CD,2024,18729668435848.0,worldbank,2026-09-23,api.worldbank.org v2
CN,NY.GDP.MKTP.CD,2025,19498039388042.6,worldbank,2026-09-23,api.worldbank.org v2
CN,NY.GDP.PCAP.CD,2014,7781.06597484974,worldbank,2026-09-23,api.worldbank.org v2
CN,NY.GDP.PCAP.CD,2015,8175.33285077393,worldbank,2026-09-23,api.worldbank.org v2
CN,NY.GDP.PCAP.CD,2016,8254.86859320357,worldbank,2026-09-23,api.worldbank.org v2
CN,NY.GDP.PCAP.CD,2017,8979.67652709856,worldbank,2026-09-23,api.worldbank.org v2
CN,NY.GDP.PCAP.CD,2018,10085.6638148819,worldbank,2026-09-23,api.worldbank.org v2
CN,NY.GDP.PCAP.CD,2019,10342.9009524335,worldbank,2026-09-23,api.worldbank.org v2
CN,NY.GDP.PCAP.CD,2020,10627.4637989619,worldbank,2026-09-23,api.worldbank.org v2
CN,NY.GDP.PCAP.CD,2021,12887.4357242941,worldbank,2026-09-23,api.worldbank.org v2
CN,NY.GDP.PCAP.CD,2022,12970.6056414327,worldbank,2026-09-23,api.worldbank.org v2
CN,NY.GDP.PCAP.CD,2023,12951.1782397043,worldbank,2026-09-23,api.worldbank.org v2
CN,NY.GDP.PCAP.CD,2024,13293.1162269366,worldbank,2026-09-23,api.worldbank.org v2
CN,NY.GDP.PCAP.CD,2025,13861.970224368,worldbank,2026-09-23,api.worldbank.org v2
CN,NY.GDP.PCAP.PP.CD,2014,12941.5964809146,worldbank,2026-09-23,api.worldbank.org v2
CN,NY.GDP.PCAP.PP.CD,2015,13463.3331511105,worldbank,2026-09-23,api.worldbank.org v2
CN,NY.GDP.PCAP.PP.CD,2016,14157.2514988004,worldbank,2026-09-23,api.worldbank.org v2
CN,NY.GDP.PCAP.PP.CD,2017,15022.4371883124,worldbank,2026-09-23,api.worldbank.org v2
CN,NY.GDP.PCAP.PP.CD,2018,16298.2050619109,worldbank,2026-09-23,api.worldbank.org v2
CN,NY.GDP.PCAP.PP.CD,2019,17600.8907568493,worldbank,2026-09-23,api.worldbank.org v2
CN,NY.GDP.PCAP.PP.CD,2020,18267.4783455827,worldbank,2026-09-23,api.worldbank.org v2
CN,NY.GDP.PCAP.PP.CD,2021,20843.2978347377,worldbank,2026-09-23,api.worldbank.org v2
CN,NY.GDP.PCAP.PP.CD,2022,23028.4517927066,worldbank,2026-09-23,api.worldbank.org v2
CN,NY.GDP.PCAP.PP.CD,2023,25200.068112272,worldbank,2026-09-23,api.worldbank.org v2
CN,NY.GDP.PCAP.PP.CD,2024,27139.5181633767,worldbank,2026-09-23,api.worldbank.org v2
CN,NY.GDP.PCAP.PP.CD,2025,29333.3311051433,worldbank,2026-09-23,api.worldbank.org v2
CN,SP.POP.TOTL,2014,1371860000.0,worldbank,2026-09-23,api.worldbank.org v2
CN,SP.POP.TOTL,2015,1379860000.0,worldbank,2026-09-23,api.worldbank.org v2
CN,SP.POP.TOTL,2016,1387790000.0,worldbank,2026-09-23,api.worldbank.org v2
CN,SP.POP.TOTL,2017,1396215000.0,worldbank,2026-09-23,api.worldbank.org v2
CN,SP.POP.TOTL,2018,1402760000.0,worldbank,2026-09-23,api.worldbank.org v2
CN,SP.POP.TOTL,2019,1407745000.0,worldbank,2026-09-23,api.worldbank.org v2
CN,SP.POP.TOTL,2020,1411100000.0,worldbank,2026-09-23,api.worldbank.org v2
CN,SP.POP.TOTL,2021,1412360000.0,worldbank,2026-09-23,api.worldbank.org v2
CN,SP.POP.TOTL,2022,1412175000.0,worldbank,2026-09-23,api.worldbank.org v2
CN,SP.POP.TOTL,2023,1410710000.0,worldbank,2026-09-23,api.worldbank.org v2
CN,SP.POP.TOTL,2024,1408975000.0,worldbank,2026-09-23,api.worldbank.org v2
CN,SP.POP.TOTL,2025,1406585000.0,worldbank,2026-09-23,api.worldbank.org v2
CN,SP.URB.TOTL.IN.ZS,2014,55.7502555847168,worldbank,2026-09-23,api.worldbank.org v2
CN,SP.URB.TOTL.IN.ZS,2015,57.3297843933105,worldbank,2026-09-23,api.worldbank.org v2
CN,SP.URB.TOTL.IN.ZS,2016,58.8399238586426,worldbank,2026-09-23,api.worldbank.org v2
CN,SP.URB.TOTL.IN.ZS,2017,60.2402687072754,worldbank,2026-09-23,api.worldbank.org v2
CN,SP.URB.TOTL.IN.ZS,2018,61.5001983642578,worldbank,2026-09-23,api.worldbank.org v2
CN,SP.URB.TOTL.IN.ZS,2019,62.7099151611328,worldbank,2026-09-23,api.worldbank.org v2
CN,SP.URB.TOTL.IN.ZS,2020,63.5234230266258,worldbank,2026-09-23,api.worldbank.org v2
CN,SP.URB.TOTL.IN.ZS,2021,64.721076965332,worldbank,2026-09-23,api.worldbank.org v2
CN,SP.URB.TOTL.IN.ZS,2022,65.2176361083984,worldbank,2026-09-23,api.worldbank.org v2
CN,SP.URB.TOTL.IN.ZS,2023,65.5301448035523,worldbank,2026-09-23,api.worldbank.org v2
CN,SP.URB.TOTL.IN.ZS,2024,65.8946980998325,worldbank,2026-09-23,api.worldbank.org v2
CN,SP.URB.TOTL.IN.ZS,2025,66.3429910348272,worldbank,2026-09-23,api.worldbank.org v2
DE,EN.POP.DNST,2014,232.108053883634,worldbank,2026-09-23,api.worldbank.org v2
DE,EN.POP.DNST,2015,234.152986871524,worldbank,2026-09-23,api.worldbank.org v2
DE,EN.POP.DNST,2016,235.712929356538,worldbank,2026-09-23,api.worldbank.org v2
DE,EN.POP.DNST,2017,236.588722557747,worldbank,2026-09-23,api.worldbank.org v2
DE,EN.POP.DNST,2018,237.294012250272,worldbank,2026-09-23,api.worldbank.org v2
DE,EN.POP.DNST,2019,237.822954291766,worldbank,2026-09-23,api.worldbank.org v2
DE,EN.POP.DNST,2020,238.017318755545,worldbank,2026-09-23,api.worldbank.org v2
DE,EN.POP.DNST,2021,238.118085806692,worldbank,2026-09-23,api.worldbank.org v2
DE,EN.POP.DNST,2022,238.086252003664,worldbank,2026-09-23,api.worldbank.org v2
DE,EN.POP.DNST,2023,238.351810090719,worldbank,2026-09-23,api.worldbank.org v2
DE,IT.CEL.SETS.P2,2014,122.308668591557,worldbank,2026-09-23,api.worldbank.org v2
DE,IT.CEL.SETS.P2,2015,117.401165117624,worldbank,2026-09-23,api.worldbank.org v2
DE,IT.CEL.SETS.P2,2016,125.024012174369,worldbank,2026-09-23,api.worldbank.org v2
DE,IT.CEL.SETS.P2,2017,132.003261888443,worldbank,2026-09-23,api.worldbank.org v2
DE,IT.CEL.SETS.P2,2018,128.945577229674,worldbank,2026-09-23,api.worldbank.org v2
DE,IT.CEL.SETS.P2,2019,128.292298108313,worldbank,2026-09-23,api.worldbank.org v2
DE,IT.CEL.SETS.P2,2020,128.424798814302,worldbank,2026-09-23,api.worldbank.org v2
DE,IT.CEL.SETS.P2,2021,127.125099449404,worldbank,2026-09-23,api.worldbank.org v2
DE,IT.CEL.SETS.P2,2022,124.158264349285,worldbank,2026-09-23,api.worldbank.org v2
DE,IT.CEL.SETS.P2,2023,124.662572774586,worldbank,2026-09-23,api.worldbank.org v2
DE,IT.CEL.SETS.P2,2024,129.150921864378,worldbank,2026-09-23,api.worldbank.org v2
DE,IT.NET.BBND.P2,2014,36.3409222955935,worldbank,2026-09-23,api.worldbank.org v2
DE,IT.NET.BBND.P2,2015,37.412701768023,worldbank,2026-09-23,api.worldbank.org v2
DE,IT.NET.BBND.P2,2016,38.4991067314054,worldbank,2026-09-23,api.worldbank.org v2
DE,IT.NET.BBND.P2,2017,39.9888046312857,worldbank,2026-09-23,api.worldbank.org v2
DE,IT.NET.BBND.P2,2018,40.9651498488548,worldbank,2026-09-23,api.worldbank.org v2
DE,IT.NET.BBND.P2,2019,42.1155574684512,worldbank,2026-09-23,api.worldbank.org v2
DE,IT.NET.BBND.P2,2020,43.3048696627,worldbank,2026-09-23,api.worldbank.org v2
DE,IT.NET.BBND.P2,2021,44.0643361489671,worldbank,2026-09-23,api.worldbank.org v2
DE,IT.NET.BBND.P2,2022,44.6186317766404,worldbank,2026-09-23,api.worldbank.org v2
DE,IT.NET.BBND.P2,2023,45.380522509099,worldbank,2026-09-23,api.worldbank.org v2
DE,IT.NET.BBND.P2,2024,45.6069242965787,worldbank,2026-09-23,api.worldbank.org v2
DE,IT.NET.USER.ZS,2014,86.1937006578756,worldbank,2026-09-23,api.worldbank.org v2
DE,IT.NET.USER.ZS,2015,87.5897993525767,worldbank,2026-09-23,api.worldbank.org v2
DE,IT.NET.USER.ZS,2016,84.1652066441212,worldbank,2026-09-23,api.worldbank.org v2
DE,IT.NET.USER.ZS,2017,84.3941537010844,worldbank,2026-09-23,api.worldbank.org v2
DE,IT.NET.USER.ZS,2018,87.037112092841,worldbank,2026-09-23,api.worldbank.org v2
DE,IT.NET.USER.ZS,2019,88.1345169091916,worldbank,2026-09-23,api.worldbank.org v2
DE,IT.NET.USER.ZS,2020,89.81294133,worldbank,2026-09-23,api.worldbank.org v2
DE,IT.NET.USER.ZS,2021,91.43060973,worldbank,2026-09-23,api.worldbank.org v2
DE,IT.NET.USER.ZS,2022,91.62984383,worldbank,2026-09-23,api.worldbank.org v2
DE,IT.NET.USER.ZS,2023,92.4763763,worldbank,2026-09-23,api.worldbank.org v2
DE,IT.NET.USER.ZS,2024,93.49999579,worldbank,2026-09-23,api.worldbank.org v2
DE,NY.GDP.MKTP.CD,2014,3964870735760.77,worldbank,2026-09-23,api.worldbank.org v2
DE,NY.GDP.MKTP.CD,2015,3425099578746.09,worldbank,2026-09-23,api.worldbank.org v2
DE,NY.GDP.MKTP.CD,2016,3536787895179.0,worldbank,2026-09-23,api.worldbank.org v2
DE,NY.GDP.MKTP.CD,2017,3765351626105.89,worldbank,2026-09-23,api.worldbank.org v2
DE,NY.GDP.MKTP.CD,2018,4055433215301.96,worldbank,2026-09-23,api.worldbank.org v2
DE,NY.GDP.MKTP.CD,2019,3959894794039.21,worldbank,2026-09-23,api.worldbank.org v2
DE,NY.GDP.MKTP.CD,2020,3941398957073.94,worldbank,2026-09-23,api.worldbank.org v2
DE,NY.GDP.MKTP.CD,2021,4355251953410.78,worldbank,2026-09-23,api.worldbank.org v2
DE,NY.GDP.MKTP.CD,2022,4201021706478.62,worldbank,2026-09-23,api.worldbank.org v2
DE,NY.GDP.MKTP.CD,2023,4562207532490.28,worldbank,2026-09-23,api.worldbank.org v2
DE,NY.GDP.MKTP.CD,2024,4685592577804.69,worldbank,2026-09-23,api.worldbank.org v2
DE,NY.GDP.MKTP.CD,2025,5050922925047.05,worldbank,2026-09-23,api.worldbank.org v2
DE,NY.GDP.PCAP.CD,2014,48959.5991203133,worldbank,2026-09-23,api.worldbank.org v2
DE,NY.GDP.PCAP.CD,2015,41929.7549110722,worldbank,2026-09-23,api.worldbank.org v2
DE,NY.GDP.PCAP.CD,2016,42948.9381932694,worldbank,2026-09-23,api.worldbank.org v2
DE,NY.GDP.PCAP.CD,2017,45553.9341495339,worldbank,2026-09-23,api.worldbank.org v2
DE,NY.GDP.PCAP.CD,2018,48916.1686612154,worldbank,2026-09-23,api.worldbank.org v2
DE,NY.GDP.PCAP.CD,2019,47656.199739747,worldbank,2026-09-23,api.worldbank.org v2
DE,NY.GDP.PCAP.CD,2020,47394.8734504469,worldbank,2026-09-23,api.worldbank.org v2
DE,NY.GDP.PCAP.CD,2021,52349.2459994422,worldbank,2026-09-23,api.worldbank.org v2
DE,NY.GDP.PCAP.CD,2022,50506.5179638543,worldbank,2026-09-23,api.worldbank.org v2
DE,NY.GDP.PCAP.CD,2023,54776.7668235491,worldbank,2026-09-23,api.worldbank.org v2
DE,NY.GDP.PCAP.CD,2024,56103.7323182554,worldbank,2026-09-23,api.worldbank.org v2
DE,NY.GDP.PCAP.CD,2025,60496.4350820414,worldbank,2026-09-23,api.worldbank.org v2
DE,NY.GDP.PCAP.PP.CD,2014,47927.5555323465,worldbank,2026-09-23,api.worldbank.org v2
DE,NY.GDP.PCAP.PP.CD,2015,48567.1117562648,worldbank,2026-09-23,api.worldbank.org v2
DE,NY.GDP.PCAP.PP.CD,2016,51555.3799963446,worldbank,2026-09-23,api.worldbank.org v2
DE,NY.GDP.PCAP.PP.CD,2017,54142.7414864571,worldbank,2026-09-23,api.worldbank.org v2
DE,NY.GDP.PCAP.PP.CD,2018,56320.6026829454,worldbank,2026-09-23,api.worldbank.org v2
DE,NY.GDP.PCAP.PP.CD,2019,59310.9693966204,worldbank,2026-09-23,api.worldbank.org v2
DE,NY.GDP.PCAP.PP.CD,2020,58704.5861986404,worldbank,2026-09-23,api.worldbank.org v2
DE,NY.GDP.PCAP.PP.CD,2021,62630.7748127737,worldbank,2026-09-23,api.worldbank.org v2
DE,NY.GDP.PCAP.PP.CD,2022,69669.6495435563,worldbank,2026-09-23,api.worldbank.org v2
DE,NY.GDP.PCAP.PP.CD,2023,72262.2235142279,worldbank,2026-09-23,api.worldbank.org v2
DE,NY.GDP.PCAP.PP.CD,2024,73957.0012170966,worldbank,2026-09-23,api.worldbank.org v2
DE,NY.GDP.PCAP.PP.CD,2025,75406.6888111618,worldbank,2026-09-23,api.worldbank.org v2
DE,SP.POP.TOTL,2014,80982500.0,worldbank,2026-09-23,api.worldbank.org v2
DE,SP.POP.TOTL,2015,81686611.0,worldbank,2026-09-23,api.worldbank.org v2
DE,SP.POP.TOTL,2016,82348669.0,worldbank,2026-09-23,api.worldbank.org v2
DE,SP.POP.TOTL,2017,82657002.0,worldbank,2026-09-23,api.worldbank.org v2
DE,SP.POP.TOTL,2018,82905782.0,worldbank,2026-09-23,api.worldbank.org v2
DE,SP.POP.TOTL,2019,83092962.0,worldbank,2026-09-23,api.worldbank.org v2
DE,SP.POP.TOTL,2020,83160871.0,worldbank,2026-09-23,api.worldbank.org v2
DE,SP.POP.TOTL,2021,83196078.0,worldbank,2026-09-23,api.worldbank.org v2
DE,SP.POP.TOTL,2022,83177813.0,worldbank,2026-09-23,api.worldbank.org v2
DE,SP.POP.TOTL,2023,83287273.0,worldbank,2026-09-23,api.worldbank.org v2
DE,SP.POP.TOTL,2024,83516593.0,worldbank,2026-09-23,api.worldbank.org v2
DE,SP.POP.TOTL,2025,83491249.0,worldbank,2026-09-23,api.worldbank.org v2
DE,SP.URB.TOTL.IN.ZS,2014,80.57574023743,worldbank,2026-09-23,api.worldbank.org v2
DE,SP.URB.TOTL.IN.ZS,2015,80.6974371632814,worldbank,2026-09-23,api.worldbank.org v2
DE,SP.URB.TOTL.IN.ZS,2016,80.8347870684725,worldbank,2026-09-23,api.worldbank.org v2
DE,SP.URB.TOTL.IN.ZS,2017,80.9842544038853,worldbank,2026-09-23,api.worldbank.org v2
DE,SP.URB.TOTL.IN.ZS,2018,81.1423036204018,worldbank,2026-09-23,api.worldbank.org v2
DE,SP.URB.TOTL.IN.ZS,2019,81.3053991689039,worldbank,2026-09-23,api.worldbank.org v2
DE,SP.URB.TOTL.IN.ZS,2020,81.4700055002738,worldbank,2026-09-23,api.worldbank.org v2
DE,SP.URB.TOTL.IN.ZS,2021,81.6325870653934,worldbank,2026-09-23,api.worldbank.org v2
DE,SP.URB.TOTL.IN.ZS,2022,81.7867852780995,worldbank,2026-09-23,api.worldbank.org v2
DE,SP.URB.TOTL.IN.ZS,2023,81.9034366692129,worldbank,2026-09-23,api.worldbank.org v2
DE,SP.URB.TOTL.IN.ZS,2024,82.0211432579125,worldbank,2026-09-23,api.worldbank.org v2
DE,SP.URB.TOTL.IN.ZS,2025,82.13822205362,worldbank,2026-09-23,api.worldbank.org v2
ES,EN.POP.DNST,2014,92.8824553687451,worldbank,2026-09-23,api.worldbank.org v2
ES,EN.POP.DNST,2015,92.907597351004,worldbank,2026-09-23,api.worldbank.org v2
ES,EN.POP.DNST,2016,92.9973717081295,worldbank,2026-09-23,api.worldbank.org v2
ES,EN.POP.DNST,2017,93.2268622784207,worldbank,2026-09-23,api.worldbank.org v2
ES,EN.POP.DNST,2018,93.638281089712,worldbank,2026-09-23,api.worldbank.org v2
ES,EN.POP.DNST,2019,94.3181087826492,worldbank,2026-09-23,api.worldbank.org v2
ES,EN.POP.DNST,2020,94.802910688937,worldbank,2026-09-23,api.worldbank.org v2
ES,EN.POP.DNST,2021,94.9382927184248,worldbank,2026-09-23,api.worldbank.org v2
ES,EN.POP.DNST,2022,95.626963633201,worldbank,2026-09-23,api.worldbank.org v2
ES,EN.POP.DNST,2023,96.7636173412149,worldbank,2026-09-23,api.worldbank.org v2
ES,IT.CEL.SETS.P2,2014,108.745818831037,worldbank,2026-09-23,api.worldbank.org v2
ES,IT.CEL.SETS.P2,2015,109.391040801705,worldbank,2026-09-23,api.worldbank.org v2
ES,IT.CEL.SETS.P2,2016,110.247061960011,worldbank,2026-09-23,api.worldbank.org v2
ES,IT.CEL.SETS.P2,2017,112.030085134191,worldbank,2026-09-23,api.worldbank.org v2
ES,IT.CEL.SETS.P2,2018,115.009066880916,worldbank,2026-09-23,api.worldbank.org v2
ES,IT.CEL.SETS.P2,2019,116.69612128516,worldbank,2026-09-23,api.worldbank.org v2
ES,IT.CEL.SETS.P2,2020,116.712041523767,worldbank,2026-09-23,api.worldbank.org v2
ES,IT.CEL.SETS.P2,2021,118.999806936801,worldbank,2026-09-23,api.worldbank.org v2
ES,IT.CEL.SETS.P2,2022,123.399528756795,worldbank,2026-09-23,api.worldbank.org v2
ES,IT.CEL.SETS.P2,2023,127.715490236713,worldbank,2026-09-23,api.worldbank.org v2
ES,IT.CEL.SETS.P2,2024,130.260997343256,worldbank,2026-09-23,api.worldbank.org v2
ES,IT.NET.BBND.P2,2014,27.8358661570454,worldbank,2026-09-23,api.worldbank.org v2
ES,IT.NET.BBND.P2,2015,29.0099329346016,worldbank,2026-09-23,api.worldbank.org v2
ES,IT.NET.BBND.P2,2016,30.1986308494311,worldbank,2026-09-23,api.worldbank.org v2
ES,IT.NET.BBND.P2,2017,31.2964612808116,worldbank,2026-09-23,api.worldbank.org v2
ES,IT.NET.BBND.P2,2018,32.2277444368856,worldbank,2026-09-23,api.worldbank.org v2
ES,IT.NET.BBND.P2,2019,32.9220023670648,worldbank,2026-09-23,api.worldbank.org v2
ES,IT.NET.BBND.P2,2020,33.9527590155171,worldbank,2026-09-23,api.worldbank.org v2
ES,IT.NET.BBND.P2,2021,34.9302420932073,worldbank,2026-09-23,api.worldbank.org v2
ES,IT.NET.BBND.P2,2022,35.7846414290159,worldbank,2026-09-23,api.worldbank.org v2
ES,IT.NET.BBND.P2,2023,37.2148181549182,worldbank,2026-09-23,api.worldbank.org v2
ES,IT.NET.BBND.P2,2024,39.2337541858756,worldbank,2026-09-23,api.worldbank.org v2
ES,IT.NET.USER.ZS,2014,76.1867089778712,worldbank,2026-09-23,api.worldbank.org v2
ES,IT.NET.USER.ZS,2015,78.6896318703515,worldbank,2026-09-23,api.worldbank.org v2
ES,IT.NET.USER.ZS,2016,80.5613329432179,worldbank,2026-09-23,api.worldbank.org v2
ES,IT.NET.USER.ZS,2017,84.6022457016524,worldbank,2026-09-23,api.worldbank.org v2
ES,IT.NET.USER.ZS,2018,86.107235525659,worldbank,2026-09-23,api.worldbank.org v2
ES,IT.NET.USER.ZS,2019,90.718665325267,worldbank,2026-09-23,api.worldbank.org v2
ES,IT.NET.USER.ZS,2020,93.20564892,worldbank,2026-09-23,api.worldbank.org v2
ES,IT.NET.USER.ZS,2021,93.89752157,worldbank,2026-09-23,api.worldbank.org v2
ES,IT.NET.USER.ZS,2022,94.4855432,worldbank,2026-09-23,api.worldbank.org v2
ES,IT.NET.USER.ZS,2023,95.44564516,worldbank,2026-09-23,api.worldbank.org v2
ES,IT.NET.USER.ZS,2024,95.7574516,worldbank,2026-09-23,api.worldbank.org v2
ES,NY.GDP.MKTP.CD,2014,1380244561361.96,worldbank,2026-09-23,api.worldbank.org v2
ES,NY.GDP.MKTP.CD,2015,1206164777553.12,worldbank,2026-09-23,api.worldbank.org v2
ES,NY.GDP.MKTP.CD,2016,1243015667917.12,worldbank,2026-09-23,api.worldbank.org v2
ES,NY.GDP.MKTP.CD,2017,1321754088818.83,worldbank,2026-09-23,api.worldbank.org v2
ES,NY.GDP.MKTP.CD,2018,1431642809327.06,worldbank,2026-09-23,api.worldbank.org v2
ES,NY.GDP.MKTP.CD,2019,1403496387686.27,worldbank,2026-09-23,api.worldbank.org v2
ES,NY.GDP.MKTP.CD,2020,1289783836971.21,worldbank,2026-09-23,api.worldbank.org v2
ES,NY.GDP.MKTP.CD,2021,1461244901852.69,worldbank,2026-09-23,api.worldbank.org v2
ES,NY.GDP.MKTP.CD,2022,1448850658406.62,worldbank,2026-09-23,api.worldbank.org v2
ES,NY.GDP.MKTP.CD,2023,1619481980719.64,worldbank,2026-09-23,api.worldbank.org v2
ES,NY.GDP.MKTP.CD,2024,1725671652742.19,worldbank,2026-09-23,api.worldbank.org v2
ES,NY.GDP.MKTP.CD,2025,1906453309985.88,worldbank,2026-09-23,api.worldbank.org v2
ES,NY.GDP.PCAP.CD,2014,29707.765509467,worldbank,2026-09-23,api.worldbank.org v2
ES,NY.GDP.PCAP.CD,2015,25982.4416197775,worldbank,2026-09-23,api.worldbank.org v2
ES,NY.GDP.PCAP.CD,2016,26755.6061149398,worldbank,2026-09-23,api.worldbank.org v2
ES,NY.GDP.PCAP.CD,2017,28381.3425596906,worldbank,2026-09-23,api.worldbank.org v2
ES,NY.GDP.PCAP.CD,2018,30602.4212881113,worldbank,2026-09-23,api.worldbank.org v2
ES,NY.GDP.PCAP.CD,2019,29786.5245689007,worldbank,2026-09-23,api.worldbank.org v2
ES,NY.GDP.PCAP.CD,2020,27233.9426461608,worldbank,2026-09-23,api.worldbank.org v2
ES,NY.GDP.PCAP.CD,2021,30799.4775937775,worldbank,2026-09-23,api.worldbank.org v2
ES,NY.GDP.PCAP.CD,2022,30319.4987196616,worldbank,2026-09-23,api.worldbank.org v2
ES,NY.GDP.PCAP.CD,2023,33493.2225409111,worldbank,2026-09-23,api.worldbank.org v2
ES,NY.GDP.PCAP.CD,2024,35326.7683069278,worldbank,2026-09-23,api.worldbank.org v2
ES,NY.GDP.PCAP.CD,2025,38627.2472148623,worldbank,2026-09-23,api.worldbank.org v2
ES,NY.GDP.PCAP.PP.CD,2014,33760.9555646369,worldbank,2026-09-23,api.worldbank.org v2
ES,NY.GDP.PCAP.PP.CD,2015,35228.6333036223,worldbank,2026-09-23,api.worldbank.org v2
ES,NY.GDP.PCAP.PP.CD,2016,37612.7188681342,worldbank,2026-09-23,api.worldbank.org v2
ES,NY.GDP.PCAP.PP.CD,2017,39825.2498116292,worldbank,2026-09-23,api.worldbank.org v2
ES,NY.GDP.PCAP.PP.CD,2018,41015.1565755187,worldbank,2026-09-23,api.worldbank.org v2
ES,NY.GDP.PCAP.PP.CD,2019,44042.757577336,worldbank,2026-09-23,api.worldbank.org v2
ES,NY.GDP.PCAP.PP.CD,2020,39327.8479269599,worldbank,2026-09-23,api.worldbank.org v2
ES,NY.GDP.PCAP.PP.CD,2021,44251.6658222621,worldbank,2026-09-23,api.worldbank.org v2
ES,NY.GDP.PCAP.PP.CD,2022,51482.523634807,worldbank,2026-09-23,api.worldbank.org v2
ES,NY.GDP.PCAP.PP.CD,2023,55661.317481747,worldbank,2026-09-23,api.worldbank.org v2
ES,NY.GDP.PCAP.PP.CD,2024,58063.7350840487,worldbank,2026-09-23,api.worldbank.org v2
ES,NY.GDP.PCAP.PP.CD,2025,59867.6944716701,worldbank,2026-09-23,api.worldbank.org v2
ES,SP.POP.TOTL,2014,46460733.0,worldbank,2026-09-23,api.worldbank.org v2
ES,SP.POP.TOTL,2015,46422303.0,worldbank,2026-09-23,api.worldbank.org v2
ES,SP.POP.TOTL,2016,46458139.0,worldbank,2026-09-23,api.worldbank.org v2
ES,SP.POP.TOTL,2017,46571232.0,worldbank,2026-09-23,api.worldbank.org v2
ES,SP.POP.TOTL,2018,46782011.0,worldbank,2026-09-23,api.worldbank.org v2
ES,SP.POP.TOTL,2019,47118501.0,worldbank,2026-09-23,api.worldbank.org v2
ES,SP.POP.TOTL,2020,47359424.0,worldbank,2026-09-23,api.worldbank.org v2
ES,SP.POP.TOTL,2021,47443821.0,worldbank,2026-09-23,api.worldbank.org v2
ES,SP.POP.TOTL,2022,47786102.0,worldbank,2026-09-23,api.worldbank.org v2
ES,SP.POP.TOTL,2023,48352528.0,worldbank,2026-09-23,api.worldbank.org v2
ES,SP.POP.TOTL,2024,48848840.0,worldbank,2026-09-23,api.worldbank.org v2
ES,SP.POP.TOTL,2025,49355143.0,worldbank,2026-09-23,api.worldbank.org v2
ES,SP.URB.TOTL.IN.ZS,2014,79.1196713833488,worldbank,2026-09-23,api.worldbank.org v2
ES,SP.URB.TOTL.IN.ZS,2015,79.2454892743023,worldbank,2026-09-23,api.worldbank.org v2
ES,SP.URB.TOTL.IN.ZS,2016,79.3615955277997,worldbank,2026-09-23,api.worldbank.org v2
ES,SP.URB.TOTL.IN.ZS,2017,79.4663233085683,worldbank,2026-09-23,api.worldbank.org v2
ES,SP.URB.TOTL.IN.ZS,2018,79.5580057813361,worldbank,2026-09-23,api.worldbank.org v2
ES,SP.URB.TOTL.IN.ZS,2019,79.6349761108307,worldbank,2026-09-23,api.worldbank.org v2
ES,SP.URB.TOTL.IN.ZS,2020,79.6955674617799,worldbank,2026-09-23,api.worldbank.org v2
ES,SP.URB.TOTL.IN.ZS,2021,79.7846242983598,worldbank,2026-09-23,api.worldbank.org v2
ES,SP.URB.TOTL.IN.ZS,2022,79.9548794567814,worldbank,2026-09-23,api.worldbank.org v2
ES,SP.URB.TOTL.IN.ZS,2023,80.128491001856,worldbank,2026-09-23,api.worldbank.org v2
ES,SP.URB.TOTL.IN.ZS,2024,80.315199821207,worldbank,2026-09-23,api.worldbank.org v2
ES,SP.URB.TOTL.IN.ZS,2025,80.5149251039138,worldbank,2026-09-23,api.worldbank.org v2
FR,EN.POP.DNST,2014,123.039367288246,worldbank,2026-09-23,api.worldbank.org v2
FR,EN.POP.DNST,2015,123.477636144355,worldbank,2026-09-23,api.worldbank.org v2
FR,EN.POP.DNST,2016,123.803885332591,worldbank,2026-09-23,api.worldbank.org v2
FR,EN.POP.DNST,2017,124.163688653864,worldbank,2026-09-23,api.worldbank.org v2
FR,EN.POP.DNST,2018,124.609607570276,worldbank,2026-09-23,api.worldbank.org v2
FR,EN.POP.DNST,2019,125.024698023935,worldbank,2026-09-23,api.worldbank.org v2
FR,EN.POP.DNST,2020,125.431134613601,worldbank,2026-09-23,api.worldbank.org v2
FR,EN.POP.DNST,2021,125.879601076167,worldbank,2026-09-23,api.worldbank.org v2
FR,EN.POP.DNST,2022,126.513511457464,worldbank,2026-09-23,api.worldbank.org v2
FR,EN.POP.DNST,2023,126.862020595603,worldbank,2026-09-23,api.worldbank.org v2
FR,IT.CEL.SETS.P2,2014,101.132290573498,worldbank,2026-09-23,api.worldbank.org v2
FR,IT.CEL.SETS.P2,2015,102.718366606519,worldbank,2026-09-23,api.worldbank.org v2
FR,IT.CEL.SETS.P2,2016,103.816661597799,worldbank,2026-09-23,api.worldbank.org v2
FR,IT.CEL.SETS.P2,2017,105.718368398783,worldbank,2026-09-23,api.worldbank.org v2
FR,IT.CEL.SETS.P2,2018,107.482434668386,worldbank,2026-09-23,api.worldbank.org v2
FR,IT.CEL.SETS.P2,2019,109.600780374596,worldbank,2026-09-23,api.worldbank.org v2
FR,IT.CEL.SETS.P2,2020,110.387215275645,worldbank,2026-09-23,api.worldbank.org v2
FR,IT.CEL.SETS.P2,2021,113.952719366702,worldbank,2026-09-23,api.worldbank.org v2
FR,IT.CEL.SETS.P2,2022,115.950519429629,worldbank,2026-09-23,api.worldbank.org v2
FR,IT.CEL.SETS.P2,2023,116.687800394775,worldbank,2026-09-23,api.worldbank.org v2
FR,IT.NET.BBND.P2,2014,40.142215573606,worldbank,2026-09-23,api.worldbank.org v2
FR,IT.NET.BBND.P2,2015,41.387117104083,worldbank,2026-09-23,api.worldbank.org v2
FR,IT.NET.BBND.P2,2016,42.5277884451476,worldbank,2026-09-23,api.worldbank.org v2
FR,IT.NET.BBND.P2,2017,43.6242593525939,worldbank,2026-09-23,api.worldbank.org v2
FR,IT.NET.BBND.P2,2018,44.4142292018123,worldbank,2026-09-23,api.worldbank.org v2
FR,IT.NET.BBND.P2,2019,45.2765022757908,worldbank,2026-09-23,api.worldbank.org v2
FR,IT.NET.BBND.P2,2020,46.471240838575,worldbank,2026-09-23,api.worldbank.org v2
FR,IT.NET.BBND.P2,2021,47.6442336298287,worldbank,2026-09-23,api.worldbank.org v2
FR,IT.NET.BBND.P2,2022,48.250226559098,worldbank,2026-09-23,api.worldbank.org v2
FR,IT.NET.BBND.P2,2023,48.6688340139444,worldbank,2026-09-23,api.worldbank.org v2
FR,IT.NET.BBND.P2,2024,48.9251978969333,worldbank,2026-09-23,api.worldbank.org v2
FR,IT.NET.USER.ZS,2014,83.7510996681821,worldbank,2026-09-23,api.worldbank.org v2
FR,IT.NET.USER.ZS,2015,78.0060377071902,worldbank,2026-09-23,api.worldbank.org v2
FR,IT.NET.USER.ZS,2016,79.2698113207547,worldbank,2026-09-23,api.worldbank.org v2
FR,IT.NET.USER.ZS,2017,80.5024597243607,worldbank,2026-09-23,api.worldbank.org v2
FR,IT.NET.USER.ZS,2018,82.0431867788484,worldbank,2026-09-23,api.worldbank.org v2
FR,IT.NET.USER.ZS,2019,83.3397440866883,worldbank,2026-09-23,api.worldbank.org v2
FR,IT.NET.USER.ZS,2020,84.70639801,worldbank,2026-09-23,api.worldbank.org v2
FR,IT.NET.USER.ZS,2021,86.09548575,worldbank,2026-09-23,api.worldbank.org v2
FR,IT.NET.USER.ZS,2022,85.33331734,worldbank,2026-09-23,api.worldbank.org v2
FR,IT.NET.USER.ZS,2023,86.83635789,worldbank,2026-09-23,api.worldbank.org v2
FR,IT.NET.USER.ZS,2024,88.65381638,worldbank,2026-09-23,api.worldbank.org v2
FR,NY.GDP.MKTP.CD,2014,2861236112552.42,worldbank,2026-09-23,api.worldbank.org v2
FR,NY.GDP.MKTP.CD,2015,2442483452642.5,worldbank,2026-09-23,api.worldbank.org v2
FR,NY.GDP.MKTP.CD,2016,2470407619777.13,worldbank,2026-09-23,api.worldbank.org v2
FR,NY.GDP.MKTP.CD,2017,2588868323334.71,worldbank,2026-09-23,api.worldbank.org v2
FR,NY.GDP.MKTP.CD,2018,2781576320884.39,worldbank,2026-09-23,api.worldbank.org v2
FR,NY.GDP.MKTP.CD,2019,2722793515171.76,worldbank,2026-09-23,api.worldbank.org v2
FR,NY.GDP.MKTP.CD,2020,2647926055110.05,worldbank,2026-09-23,api.worldbank.org v2
FR,NY.GDP.MKTP.CD,2021,2966433692008.09,worldbank,2026-09-23,api.worldbank.org v2
FR,NY.GDP.MKTP.CD,2022,2794788137066.94,worldbank,2026-09-23,api.worldbank.org v2
FR,NY.GDP.MKTP.CD,2023,3056250648138.29,worldbank,2026-09-23,api.worldbank.org v2
FR,NY.GDP.MKTP.CD,2024,3160442622465.08,worldbank,2026-09-23,api.worldbank.org v2
FR,NY.GDP.MKTP.CD,2025,3366315927447.33,worldbank,2026-09-23,api.worldbank.org v2
FR,NY.GDP.PCAP.CD,2014,43148.0459288416,worldbank,2026-09-23,api.worldbank.org v2
FR,NY.GDP.PCAP.CD,2015,36702.4323733379,worldbank,2026-09-23,api.worldbank.org v2
FR,NY.GDP.PCAP.CD,2016,37024.2157133669,worldbank,2026-09-23,api.worldbank.org v2
FR,NY.GDP.PCAP.CD,2017,38687.1626407164,worldbank,2026-09-23,api.worldbank.org v2
FR,NY.GDP.PCAP.CD,2018,41418.1766484844,worldbank,2026-09-23,api.worldbank.org v2
FR,NY.GDP.PCAP.CD,2019,40408.2848574751,worldbank,2026-09-23,api.worldbank.org v2
FR,NY.GDP.PCAP.CD,2020,39169.8606000707,worldbank,2026-09-23,api.worldbank.org v2
FR,NY.GDP.PCAP.CD,2021,43725.0999521245,worldbank,2026-09-23,api.worldbank.org v2
FR,NY.GDP.PCAP.CD,2022,40988.6396406579,worldbank,2026-09-23,api.worldbank.org v2
FR,NY.GDP.PCAP.CD,2023,44700.1384177544,worldbank,2026-09-23,api.worldbank.org v2
FR,NY.GDP.PCAP.CD,2024,46103.0840855884,worldbank,2026-09-23,api.worldbank.org v2
FR,NY.GDP.PCAP.CD,2025,48985.7307807924,worldbank,2026-09-23,api.worldbank.org v2
FR,NY.GDP.PCAP.PP.CD,2014,40218.1258637776,worldbank,2026-09-23,api.worldbank.org v2
FR,NY.GDP.PCAP.PP.CD,2015,40905.1767750994,worldbank,2026-09-23,api.worldbank.org v2
FR,NY.GDP.PCAP.PP.CD,2016,42880.2351355431,worldbank,2026-09-23,api.worldbank.org v2
FR,NY.GDP.PCAP.PP.CD,2017,44469.1458856805,worldbank,2026-09-23,api.worldbank.org v2
FR,NY.GDP.PCAP.PP.CD,2018,46381.0590629457,worldbank,2026-09-23,api.worldbank.org v2
FR,NY.GDP.PCAP.PP.CD,2019,51130.4723140578,worldbank,2026-09-23,api.worldbank.org v2
FR,NY.GDP.PCAP.PP.CD,2020,49481.8044309655,worldbank,2026-09-23,api.worldbank.org v2
FR,NY.GDP.PCAP.PP.CD,2021,52517.3354905855,worldbank,2026-09-23,api.worldbank.org v2
FR,NY.GDP.PCAP.PP.CD,2022,57012.0586826676,worldbank,2026-09-23,api.worldbank.org v2
FR,NY.GDP.PCAP.PP.CD,2023,60927.0361517867,worldbank,2026-09-23,api.worldbank.org v2
FR,NY.GDP.PCAP.PP.CD,2024,62524.5434134804,worldbank,2026-09-23,api.worldbank.org v2
FR,NY.GDP.PCAP.PP.CD,2025,63975.353585864,worldbank,2026-09-23,api.worldbank.org v2
FR,SP.POP.TOTL,2014,66312067.0,worldbank,2026-09-23,api.worldbank.org v2
FR,SP.POP.TOTL,2015,66548272.0,worldbank,2026-09-23,api.worldbank.org v2
FR,SP.POP.TOTL,2016,66724104.0,worldbank,2026-09-23,api.worldbank.org v2
FR,SP.POP.TOTL,2017,66918020.0,worldbank,2026-09-23,api.worldbank.org v2
FR,SP.POP.TOTL,2018,67158348.0,worldbank,2026-09-23,api.worldbank.org v2
FR,SP.POP.TOTL,2019,67382061.0,worldbank,2026-09-23,api.worldbank.org v2
FR,SP.POP.TOTL,2020,67601110.0,worldbank,2026-09-23,api.worldbank.org v2
FR,SP.POP.TOTL,2021,67842811.0,worldbank,2026-09-23,api.worldbank.org v2
FR,SP.POP.TOTL,2022,68184457.0,worldbank,2026-09-23,api.worldbank.org v2
FR,SP.POP.TOTL,2023,68372286.0,worldbank,2026-09-23,api.worldbank.org v2
FR,SP.POP.TOTL,2024,68551653.0,worldbank,2026-09-23,api.worldbank.org v2
FR,SP.POP.TOTL,2025,68720337.0,worldbank,2026-09-23,api.worldbank.org v2
FR,SP.URB.TOTL.IN.ZS,2014,77.3524296788613,worldbank,2026-09-23,api.worldbank.org v2
FR,SP.URB.TOTL.IN.ZS,2015,77.7610919150066,worldbank,2026-09-23,api.worldbank.org v2
FR,SP.URB.TOTL.IN.ZS,2016,78.5999114705779,worldbank,2026-09-23,api.worldbank.org v2
FR,SP.URB.TOTL.IN.ZS,2017,78.6467804026368,worldbank,2026-09-23,api.worldbank.org v2
FR,SP.URB.TOTL.IN.ZS,2018,78.6714432536599,worldbank,2026-09-23,api.worldbank.org v2
FR,SP.URB.TOTL.IN.ZS,2019,78.6890784549356,worldbank,2026-09-23,api.worldbank.org v2
FR,SP.URB.TOTL.IN.ZS,2020,78.7119131765249,worldbank,2026-09-23,api.worldbank.org v2
FR,SP.URB.TOTL.IN.ZS,2021,78.7364603392338,worldbank,2026-09-23,api.worldbank.org v2
FR,SP.URB.TOTL.IN.ZS,2022,78.7591921123356,worldbank,2026-09-23,api.worldbank.org v2
FR,SP.URB.TOTL.IN.ZS,2023,78.7804323126547,worldbank,2026-09-23,api.worldbank.org v2
FR,SP.URB.TOTL.IN.ZS,2024,78.7999750964116,worldbank,2026-09-23,api.worldbank.org v2
FR,SP.URB.TOTL.IN.ZS,2025,78.8449650563584,worldbank,2026-09-23,api.worldbank.org v2
GB,EN.POP.DNST,2014,267.097920886207,worldbank,2026-09-23,api.worldbank.org v2
GB,EN.POP.DNST,2015,269.032364733601,worldbank,2026-09-23,api.worldbank.org v2
GB,EN.POP.DNST,2016,271.177613359236,worldbank,2026-09-23,api.worldbank.org v2
GB,EN.POP.DNST,2017,272.657380233952,worldbank,2026-09-23,api.worldbank.org v2
GB,EN.POP.DNST,2018,273.992477162816,worldbank,2026-09-23,api.worldbank.org v2
GB,EN.POP.DNST,2019,275.401975778118,worldbank,2026-09-23,api.worldbank.org v2
GB,EN.POP.DNST,2020,275.864919604844,worldbank,2026-09-23,api.worldbank.org v2
GB,EN.POP.DNST,2021,276.848675236639,worldbank,2026-09-23,api.worldbank.org v2
GB,EN.POP.DNST,2022,279.568470218658,worldbank,2026-09-23,api.worldbank.org v2
GB,EN.POP.DNST,2023,283.247220270326,worldbank,2026-09-23,api.worldbank.org v2
GB,IT.CEL.SETS.P2,2014,120.958261038047,worldbank,2026-09-23,api.worldbank.org v2
GB,IT.CEL.SETS.P2,2015,121.211739725133,worldbank,2026-09-23,api.worldbank.org v2
GB,IT.CEL.SETS.P2,2016,119.786558760596,worldbank,2026-09-23,api.worldbank.org v2
GB,IT.CEL.SETS.P2,2017,119.206737402819,worldbank,2026-09-23,api.worldbank.org v2
GB,IT.CEL.SETS.P2,2018,118.184381927412,worldbank,2026-09-23,api.worldbank.org v2
GB,IT.CEL.SETS.P2,2019,120.250108782533,worldbank,2026-09-23,api.worldbank.org v2
GB,IT.CEL.SETS.P2,2020,117.304850715261,worldbank,2026-09-23,api.worldbank.org v2
GB,IT.CEL.SETS.P2,2021,117.887430294308,worldbank,2026-09-23,api.worldbank.org v2
GB,IT.CEL.SETS.P2,2022,119.833999505569,worldbank,2026-09-23,api.worldbank.org v2
GB,IT.CEL.SETS.P2,2023,122.781542240418,worldbank,2026-09-23,api.worldbank.org v2
GB,IT.CEL.SETS.P2,2024,121.643331373201,worldbank,2026-09-23,api.worldbank.org v2
GB,IT.NET.BBND.P2,2014,36.5828488416012,worldbank,2026-09-23,api.worldbank.org v2
GB,IT.NET.BBND.P2,2015,37.7214944577347,worldbank,2026-09-23,api.worldbank.org v2
GB,IT.NET.BBND.P2,2016,38.6588569366885,worldbank,2026-09-23,api.worldbank.org v2
GB,IT.NET.BBND.P2,2017,39.2489467665261,worldbank,2026-09-23,api.worldbank.org v2
GB,IT.NET.BBND.P2,2018,39.8293995840604,worldbank,2026-09-23,api.worldbank.org v2
GB,IT.NET.BBND.P2,2019,40.022769455921,worldbank,2026-09-23,api.worldbank.org v2
GB,IT.NET.BBND.P2,2020,40.5775246507294,worldbank,2026-09-23,api.worldbank.org v2
GB,IT.NET.BBND.P2,2021,41.1134869970784,worldbank,2026-09-23,api.worldbank.org v2
GB,IT.NET.BBND.P2,2022,41.2867157729584,worldbank,2026-09-23,api.worldbank.org v2
GB,IT.NET.BBND.P2,2023,41.4367685540411,worldbank,2026-09-23,api.worldbank.org v2
GB,IT.NET.BBND.P2,2024,42.1648283773461,worldbank,2026-09-23,api.worldbank.org v2
GB,IT.NET.USER.ZS,2014,91.6133009176453,worldbank,2026-09-23,api.worldbank.org v2
GB,IT.NET.USER.ZS,2015,92.0002998740234,worldbank,2026-09-23,api.worldbank.org v2
GB,IT.NET.USER.ZS,2016,94.7758006318882,worldbank,2026-09-23,api.worldbank.org v2
GB,IT.NET.USER.ZS,2017,90.4245504868553,worldbank,2026-09-23,api.worldbank.org v2
GB,IT.NET.USER.ZS,2018,90.692008988783,worldbank,2026-09-23,api.worldbank.org v2
GB,IT.NET.USER.ZS,2019,92.5166285497138,worldbank,2026-09-23,api.worldbank.org v2
GB,IT.NET.USER.ZS,2020,94.81820132,worldbank,2026-09-23,api.worldbank.org v2
GB,IT.NET.USER.ZS,2021,96.19650269,worldbank,2026-09-23,api.worldbank.org v2
GB,IT.NET.USER.ZS,2022,95.46530151,worldbank,2026-09-23,api.worldbank.org v2
GB,IT.NET.USER.ZS,2023,95.44719696,worldbank,2026-09-23,api.worldbank.org v2
GB,IT.NET.USER.ZS,2024,95.4720993,worldbank,2026-09-23,api.worldbank.org v2
GB,NY.GDP.MKTP.CD,2014,3085362169410.29,worldbank,2026-09-23,api.worldbank.org v2
GB,NY.GDP.MKTP.CD,2015,2945579890258.46,worldbank,2026-09-23,api.worldbank.org v2
GB,NY.GDP.MKTP.CD,2016,2706807606538.73,worldbank,2026-09-23,api.worldbank.org v2
GB,NY.GDP.MKTP.CD,2017,2699118387873.1,worldbank,2026-09-23,api.worldbank.org v2
GB,NY.GDP.MKTP.CD,2018,2897028009916.05,worldbank,2026-09-23,api.worldbank.org v2
GB,NY.GDP.MKTP.CD,2019,2875710080015.3,worldbank,2026-09-23,api.worldbank.org v2
GB,NY.GDP.MKTP.CD,2020,2724001478304.59,worldbank,2026-09-23,api.worldbank.org v2
GB,NY.GDP.MKTP.CD,2021,3194559188925.93,worldbank,2026-09-23,api.worldbank.org v2
GB,NY.GDP.MKTP.CD,2022,3181244350465.41,worldbank,2026-09-23,api.worldbank.org v2
GB,NY.GDP.MKTP.CD,2023,3420796653789.08,worldbank,2026-09-23,api.worldbank.org v2
GB,NY.GDP.MKTP.CD,2024,3695539513534.15,worldbank,2026-09-23,api.worldbank.org v2
GB,NY.GDP.MKTP.CD,2025,4002587541846.01,worldbank,2026-09-23,api.worldbank.org v2
GB,NY.GDP.PCAP.CD,2014,47746.9810645521,worldbank,2026-09-23,api.worldbank.org v2
GB,NY.GDP.PCAP.CD,2015,45256.040227057,worldbank,2026-09-23,api.worldbank.org v2
GB,NY.GDP.PCAP.CD,2016,41258.5374285695,worldbank,2026-09-23,api.worldbank.org v2
GB,NY.GDP.PCAP.CD,2017,40918.0520870944,worldbank,2026-09-23,api.worldbank.org v2
GB,NY.GDP.PCAP.CD,2018,43704.3162296687,worldbank,2026-09-23,api.worldbank.org v2
GB,NY.GDP.PCAP.CD,2019,43160.6843971799,worldbank,2026-09-23,api.worldbank.org v2
GB,NY.GDP.PCAP.CD,2020,40815.1255364787,worldbank,2026-09-23,api.worldbank.org v2
GB,NY.GDP.PCAP.CD,2021,47695.6491523474,worldbank,2026-09-23,api.worldbank.org v2
GB,NY.GDP.PCAP.CD,2022,47034.7795621476,worldbank,2026-09-23,api.worldbank.org v2
GB,NY.GDP.PCAP.CD,2023,49919.6896621586,worldbank,2026-09-23,api.worldbank.org v2
GB,NY.GDP.PCAP.CD,2024,53341.3131094262,worldbank,2026-09-23,api.worldbank.org v2
GB,NY.GDP.PCAP.CD,2025,57601.9621201954,worldbank,2026-09-23,api.worldbank.org v2
GB,NY.GDP.PCAP.PP.CD,2014,41545.5712797638,worldbank,2026-09-23,api.worldbank.org v2
GB,NY.GDP.PCAP.PP.CD,2015,42772.4983791214,worldbank,2026-09-23,api.worldbank.org v2
GB,NY.GDP.PCAP.PP.CD,2016,44376.0697257123,worldbank,2026-09-23,api.worldbank.org v2
GB,NY.GDP.PCAP.PP.CD,2017,46440.8214149807,worldbank,2026-09-23,api.worldbank.org v2
GB,NY.GDP.PCAP.PP.CD,2018,47636.0128366551,worldbank,2026-09-23,api.worldbank.org v2
GB,NY.GDP.PCAP.PP.CD,2019,50493.9441896153,worldbank,2026-09-23,api.worldbank.org v2
GB,NY.GDP.PCAP.PP.CD,2020,48719.8339897935,worldbank,2026-09-23,api.worldbank.org v2
GB,NY.GDP.PCAP.PP.CD,2021,51840.4424245515,worldbank,2026-09-23,api.worldbank.org v2
GB,NY.GDP.PCAP.PP.CD,2022,60266.7467325014,worldbank,2026-09-23,api.worldbank.org v2
GB,NY.GDP.PCAP.PP.CD,2023,60786.7193353069,worldbank,2026-09-23,api.worldbank.org v2
GB,NY.GDP.PCAP.PP.CD,2024,62839.4679324927,worldbank,2026-09-23,api.worldbank.org v2
GB,NY.GDP.PCAP.PP.CD,2025,64606.4955066338,worldbank,2026-09-23,api.worldbank.org v2
GB,SP.POP.TOTL,2014,64619000.0,worldbank,2026-09-23,api.worldbank.org v2
GB,SP.POP.TOTL,2015,65087000.0,worldbank,2026-09-23,api.worldbank.org v2
GB,SP.POP.TOTL,2016,65606000.0,worldbank,2026-09-23,api.worldbank.org v2
GB,SP.POP.TOTL,2017,65964000.0,worldbank,2026-09-23,api.worldbank.org v2
GB,SP.POP.TOTL,2018,66287000.0,worldbank,2026-09-23,api.worldbank.org v2
GB,SP.POP.TOTL,2019,66628000.0,worldbank,2026-09-23,api.worldbank.org v2
GB,SP.POP.TOTL,2020,66740000.0,worldbank,2026-09-23,api.worldbank.org v2
GB,SP.POP.TOTL,2021,66978000.0,worldbank,2026-09-23,api.worldbank.org v2
GB,SP.POP.TOTL,2022,67636000.0,worldbank,2026-09-23,api.worldbank.org v2
GB,SP.POP.TOTL,2023,68526000.0,worldbank,2026-09-23,api.worldbank.org v2
GB,SP.POP.TOTL,2024,69281000.0,worldbank,2026-09-23,api.worldbank.org v2
GB,SP.POP.TOTL,2025,69487000.0,worldbank,2026-09-23,api.worldbank.org v2
GB,SP.URB.TOTL.IN.ZS,2014,81.6355750750722,worldbank,2026-09-23,api.worldbank.org v2
GB,SP.URB.TOTL.IN.ZS,2015,81.8243772295647,worldbank,2026-09-23,api.worldbank.org v2
GB,SP.URB.TOTL.IN.ZS,2016,82.0229991698295,worldbank,2026-09-23,api.worldbank.org v2
GB,SP.URB.TOTL.IN.ZS,2017,82.23065673273,worldbank,2026-09-23,api.worldbank.org v2
GB,SP.URB.TOTL.IN.ZS,2018,82.4465657551295,worldbank,2026-09-23,api.worldbank.org v2
GB,SP.URB.TOTL.IN.ZS,2019,82.6699420738913,worldbank,2026-09-23,api.worldbank.org v2
GB,SP.URB.TOTL.IN.ZS,2020,82.9000015258789,worldbank,2026-09-23,api.worldbank.org v2
GB,SP.URB.TOTL.IN.ZS,2021,82.9886431523641,worldbank,2026-09-23,api.worldbank.org v2
GB,SP.URB.TOTL.IN.ZS,2022,83.0753982997505,worldbank,2026-09-23,api.worldbank.org v2
GB,SP.URB.TOTL.IN.ZS,2023,83.1601932891335,worldbank,2026-09-23,api.worldbank.org v2
GB,SP.URB.TOTL.IN.ZS,2024,83.2429544416085,worldbank,2026-09-23,api.worldbank.org v2
GB,SP.URB.TOTL.IN.ZS,2025,83.323608078271,worldbank,2026-09-23,api.worldbank.org v2
IN,EN.POP.DNST,2014,441.370107863944,worldbank,2026-09-23,api.worldbank.org v2
IN,EN.POP.DNST,2015,446.666542669658,worldbank,2026-09-23,api.worldbank.org v2
IN,EN.POP.DNST,2016,452.020992940243,worldbank,2026-09-23,api.worldbank.org v2
IN,EN.POP.DNST,2017,457.30592394028,worldbank,2026-09-23,api.worldbank.org v2
IN,EN.POP.DNST,2018,462.351569862673,worldbank,2026-09-23,api.worldbank.org v2
IN,EN.POP.DNST,2019,467.185182245332,worldbank,2026-09-23,api.worldbank.org v2
IN,EN.POP.DNST,2020,471.755150192218,worldbank,2026-09-23,api.worldbank.org v2
IN,EN.POP.DNST,2021,475.652042419085,worldbank,2026-09-23,api.worldbank.org v2
IN,EN.POP.DNST,2022,479.425536881262,worldbank,2026-09-23,api.worldbank.org v2
IN,EN.POP.DNST,2023,483.679010086809,worldbank,2026-09-23,api.worldbank.org v2
IN,IT.CEL.SETS.P2,2014,71.9366825449914,worldbank,2026-09-23,api.worldbank.org v2
IN,IT.CEL.SETS.P2,2015,75.379332347226,worldbank,2026-09-23,api.worldbank.org v2
IN,IT.CEL.SETS.P2,2016,83.917838213735,worldbank,2026-09-23,api.worldbank.org v2
IN,IT.CEL.SETS.P2,2017,85.9703537817688,worldbank,2026-09-23,api.worldbank.org v2
IN,IT.CEL.SETS.P2,2018,85.5500756367908,worldbank,2026-09-23,api.worldbank.org v2
IN,IT.CEL.SETS.P2,2019,82.898144918237,worldbank,2026-09-23,api.worldbank.org v2
IN,IT.CEL.SETS.P2,2020,82.2540479927426,worldbank,2026-09-23,api.worldbank.org v2
IN,IT.CEL.SETS.P2,2021,81.603974311212,worldbank,2026-09-23,api.worldbank.org v2
IN,IT.CEL.SETS.P2,2022,80.1818007717416,worldbank,2026-09-23,api.worldbank.org v2
IN,IT.CEL.SETS.P2,2023,80.5631998772888,worldbank,2026-09-23,api.worldbank.org v2
IN,IT.CEL.SETS.P2,2024,79.3526921826412,worldbank,2026-09-23,api.worldbank.org v2
IN,IT.NET.BBND.P2,2014,1.20020374567342,worldbank,2026-09-23,api.worldbank.org v2
IN,IT.NET.BBND.P2,2015,1.27578595315943,worldbank,2026-09-23,api.worldbank.org v2
IN,IT.NET.BBND.P2,2016,1.38795276378032,worldbank,2026-09-23,api.worldbank.org v2
IN,IT.NET.BBND.P2,2017,1.31327377028949,worldbank,2026-09-23,api.worldbank.org v2
IN,IT.NET.BBND.P2,2018,1.3217822859385,worldbank,2026-09-23,api.worldbank.org v2
IN,IT.NET.BBND.P2,2019,1.37913181839908,worldbank,2026-09-23,api.worldbank.org v2
IN,IT.NET.BBND.P2,2020,1.63622632751685,worldbank,2026-09-23,api.worldbank.org v2
IN,IT.NET.BBND.P2,2021,1.9487996093033,worldbank,2026-09-23,api.worldbank.org v2
IN,IT.NET.BBND.P2,2022,2.35231555917724,worldbank,2026-09-23,api.worldbank.org v2
IN,IT.NET.BBND.P2,2023,2.74534696441771,worldbank,2026-09-23,api.worldbank.org v2
IN,IT.NET.BBND.P2,2024,3.15046250037677,worldbank,2026-09-23,api.worldbank.org v2
IN,IT.NET.USER.ZS,2014,13.5,worldbank,2026-09-23,api.worldbank.org v2
IN,IT.NET.USER.ZS,2015,14.89999962,worldbank,2026-09-23,api.worldbank.org v2
IN,IT.NET.USER.ZS,2016,16.5,worldbank,2026-09-23,api.worldbank.org v2
IN,IT.NET.USER.ZS,2017,18.20000076,worldbank,2026-09-23,api.worldbank.org v2
IN,IT.NET.USER.ZS,2018,20.0813000379384,worldbank,2026-09-23,api.worldbank.org v2
IN,IT.NET.USER.ZS,2019,29.52350044,worldbank,2026-09-23,api.worldbank.org v2
IN,IT.NET.USER.ZS,2020,43.40544313,worldbank,2026-09-23,api.worldbank.org v2
IN,IT.NET.USER.ZS,2021,49.2580986,worldbank,2026-09-23,api.worldbank.org v2
IN,IT.NET.USER.ZS,2022,55.9,worldbank,2026-09-23,api.worldbank.org v2
IN,IT.NET.USER.ZS,2023,60.25230026,worldbank,2026-09-23,api.worldbank.org v2
IN,IT.NET.USER.ZS,2024,64.9434967,worldbank,2026-09-23,api.worldbank.org v2
IN,IT.NET.USER.ZS,2025,70.0,worldbank,2026-09-23,api.worldbank.org v2
IN,NY.GDP.MKTP.CD,2014,2039126479154.52,worldbank,2026-09-23,api.worldbank.org v2
IN,NY.GDP.MKTP.CD,2015,2103588360044.94,worldbank,2026-09-23,api.worldbank.org v2
IN,NY.GDP.MKTP.CD,2016,2294796885663.16,worldbank,2026-09-23,api.worldbank.org v2
IN,NY.GDP.MKTP.CD,2017,2651474262755.45,worldbank,2026-09-23,api.worldbank.org v2
IN,NY.GDP.MKTP.CD,2018,2702929641648.74,worldbank,2026-09-23,api.worldbank.org v2
IN,NY.GDP.MKTP.CD,2019,2835606256558.19,worldbank,2026-09-23,api.worldbank.org v2
IN,NY.GDP.MKTP.CD,2020,2674851578587.27,worldbank,2026-09-23,api.worldbank.org v2
IN,NY.GDP.MKTP.CD,2021,3167270623260.47,worldbank,2026-09-23,api.worldbank.org v2
IN,NY.GDP.MKTP.CD,2022,3249938492013.47,worldbank,2026-09-23,api.worldbank.org v2
IN,NY.GDP.MKTP.CD,2023,3500906030644.76,worldbank,2026-09-23,api.worldbank.org v2
IN,NY.GDP.MKTP.CD,2024,3760813470500.86,worldbank,2026-09-23,api.worldbank.org v2
IN,NY.GDP.MKTP.CD,2025,3956067115771.63,worldbank,2026-09-23,api.worldbank.org v2
IN,NY.GDP.PCAP.CD,2014,1553.88396075118,worldbank,2026-09-23,api.worldbank.org v2
IN,NY.GDP.PCAP.CD,2015,1583.99815907985,worldbank,2026-09-23,api.worldbank.org v2
IN,NY.GDP.PCAP.CD,2016,1707.50892912243,worldbank,2026-09-23,api.worldbank.org v2
IN,NY.GDP.PCAP.CD,2017,1950.10468280866,worldbank,2026-09-23,api.worldbank.org v2
IN,NY.GDP.PCAP.CD,2018,1966.25455171679,worldbank,2026-09-23,api.worldbank.org v2
IN,NY.GDP.PCAP.CD,2019,2041.42863698585,worldbank,2026-09-23,api.worldbank.org v2
IN,NY.GDP.PCAP.CD,2020,1907.04251637669,worldbank,2026-09-23,api.worldbank.org v2
IN,NY.GDP.PCAP.CD,2021,2239.61384367482,worldbank,2026-09-23,api.worldbank.org v2
IN,NY.GDP.PCAP.CD,2022,2279.98145719369,worldbank,2026-09-23,api.worldbank.org v2
IN,NY.GDP.PCAP.CD,2023,2434.44826340989,worldbank,2026-09-23,api.worldbank.org v2
IN,NY.GDP.PCAP.CD,2024,2591.9916607122,worldbank,2026-09-23,api.worldbank.org v2
IN,NY.GDP.PCAP.CD,2025,2702.47987141553,worldbank,2026-09-23,api.worldbank.org v2
IN,NY.GDP.PCAP.PP.CD,2014,5042.38256477318,worldbank,2026-09-23,api.worldbank.org v2
IN,NY.GDP.PCAP.PP.CD,2015,5269.11774528716,worldbank,2026-09-23,api.worldbank.org v2
IN,NY.GDP.PCAP.PP.CD,2016,5633.77275665841,worldbank,2026-09-23,api.worldbank.org v2
IN,NY.GDP.PCAP.PP.CD,2017,5968.11490280172,worldbank,2026-09-23,api.worldbank.org v2
IN,NY.GDP.PCAP.PP.CD,2018,6521.97490856972,worldbank,2026-09-23,api.worldbank.org v2
IN,NY.GDP.PCAP.PP.CD,2019,6945.40309824538,worldbank,2026-09-23,api.worldbank.org v2
IN,NY.GDP.PCAP.PP.CD,2020,6766.06119055994,worldbank,2026-09-23,api.worldbank.org v2
IN,NY.GDP.PCAP.PP.CD,2021,7818.65701757504,worldbank,2026-09-23,api.worldbank.org v2
IN,NY.GDP.PCAP.PP.CD,2022,8941.09277447514,worldbank,2026-09-23,api.worldbank.org v2
IN,NY.GDP.PCAP.PP.CD,2023,9853.04309264591,worldbank,2026-09-23,api.worldbank.org v2
IN,NY.GDP.PCAP.PP.CD,2024,10718.5934040662,worldbank,2026-09-23,api.worldbank.org v2
IN,NY.GDP.PCAP.PP.CD,2025,11747.9160436011,worldbank,2026-09-23,api.worldbank.org v2
IN,SP.POP.TOTL,2014,1312277191.0,worldbank,2026-09-23,api.worldbank.org v2
IN,SP.POP.TOTL,2015,1328024498.0,worldbank,2026-09-23,api.worldbank.org v2
IN,SP.POP.TOTL,2016,1343944296.0,worldbank,2026-09-23,api.worldbank.org v2
IN,SP.POP.TOTL,2017,1359657400.0,worldbank,2026-09-23,api.worldbank.org v2
IN,SP.POP.TOTL,2018,1374659064.0,worldbank,2026-09-23,api.worldbank.org v2
IN,SP.POP.TOTL,2019,1389030312.0,worldbank,2026-09-23,api.worldbank.org v2
IN,SP.POP.TOTL,2020,1402617695.0,worldbank,2026-09-23,api.worldbank.org v2
IN,SP.POP.TOTL,2021,1414203896.0,worldbank,2026-09-23,api.worldbank.org v2
IN,SP.POP.TOTL,2022,1425423212.0,worldbank,2026-09-23,api.worldbank.org v2
IN,SP.POP.TOTL,2023,1438069596.0,worldbank,2026-09-23,api.worldbank.org v2
IN,SP.POP.TOTL,2024,1450935791.0,worldbank,2026-09-23,api.worldbank.org v2
IN,SP.POP.TOTL,2025,1463865525.0,worldbank,2026-09-23,api.worldbank.org v2
IN,SP.URB.TOTL.IN.ZS,2014,32.2288233408821,worldbank,2026-09-23,api.worldbank.org v2
IN,SP.URB.TOTL.IN.ZS,2015,32.5472990022299,worldbank,2026-09-23,api.worldbank.org v2
IN,SP.URB.TOTL.IN.ZS,2016,32.8650780972823,worldbank,2026-09-23,api.worldbank.org v2
IN,SP.URB.TOTL.IN.ZS,2017,33.1821328157539,worldbank,2026-09-23,api.worldbank.org v2
IN,SP.URB.TOTL.IN.ZS,2018,33.4984353473598,worldbank,2026-09-23,api.worldbank.org v2
IN,SP.URB.TOTL.IN.ZS,2019,33.8139578818147,worldbank,2026-09-23,api.worldbank.org v2
IN,SP.URB.TOTL.IN.ZS,2020,34.1286726088333,worldbank,2026-09-23,api.worldbank.org v2
IN,SP.URB.TOTL.IN.ZS,2021,34.4425517181304,worldbank,2026-09-23,api.worldbank.org v2
IN,SP.URB.TOTL.IN.ZS,2022,34.7555673994206,worldbank,2026-09-23,api.worldbank.org v2
IN,SP.URB.TOTL.IN.ZS,2023,35.0676918424186,worldbank,2026-09-23,api.worldbank.org v2
IN,SP.URB.TOTL.IN.ZS,2024,35.3788972368389,worldbank,2026-09-23,api.worldbank.org v2
IN,SP.URB.TOTL.IN.ZS,2025,35.689155772396,worldbank,2026-09-23,api.worldbank.org v2
IT,EN.POP.DNST,2014,203.980505075782,worldbank,2026-09-23,api.worldbank.org v2
IT,EN.POP.DNST,2015,203.672434549131,worldbank,2026-09-23,api.worldbank.org v2
IT,EN.POP.DNST,2016,203.285640373599,worldbank,2026-09-23,api.worldbank.org v2
IT,EN.POP.DNST,2017,202.903617635721,worldbank,2026-09-23,api.worldbank.org v2
IT,EN.POP.DNST,2018,202.480812801385,worldbank,2026-09-23,api.worldbank.org v2
IT,EN.POP.DNST,2019,201.980545589195,worldbank,2026-09-23,api.worldbank.org v2
IT,EN.POP.DNST,2020,200.999100491348,worldbank,2026-09-23,api.worldbank.org v2
IT,EN.POP.DNST,2021,199.965416259464,worldbank,2026-09-23,api.worldbank.org v2
IT,EN.POP.DNST,2022,199.559268903016,worldbank,2026-09-23,api.worldbank.org v2
IT,EN.POP.DNST,2023,199.459678073854,worldbank,2026-09-23,api.worldbank.org v2
IT,IT.CEL.SETS.P2,2014,148.21699121216,worldbank,2026-09-23,api.worldbank.org v2
IT,IT.CEL.SETS.P2,2015,144.763979440074,worldbank,2026-09-23,api.worldbank.org v2
IT,IT.CEL.SETS.P2,2016,142.127307324616,worldbank,2026-09-23,api.worldbank.org v2
IT,IT.CEL.SETS.P2,2017,138.882433107903,worldbank,2026-09-23,api.worldbank.org v2
IT,IT.CEL.SETS.P2,2018,138.264671531909,worldbank,2026-09-23,api.worldbank.org v2
IT,IT.CEL.SETS.P2,2019,132.181234381376,worldbank,2026-09-23,api.worldbank.org v2
IT,IT.CEL.SETS.P2,2020,129.49000571147,worldbank,2026-09-23,api.worldbank.org v2
IT,IT.CEL.SETS.P2,2021,130.781488497698,worldbank,2026-09-23,api.worldbank.org v2
IT,IT.CEL.SETS.P2,2022,131.673965640047,worldbank,2026-09-23,api.worldbank.org v2
IT,IT.CEL.SETS.P2,2023,131.871674517747,worldbank,2026-09-23,api.worldbank.org v2
IT,IT.CEL.SETS.P2,2024,132.575141676252,worldbank,2026-09-23,api.worldbank.org v2
IT,IT.NET.BBND.P2,2014,23.7083714537202,worldbank,2026-09-23,api.worldbank.org v2
IT,IT.NET.BBND.P2,2015,24.5977602494059,worldbank,2026-09-23,api.worldbank.org v2
IT,IT.NET.BBND.P2,2016,25.7337403103573,worldbank,2026-09-23,api.worldbank.org v2
IT,IT.NET.BBND.P2,2017,27.4652917045411,worldbank,2026-09-23,api.worldbank.org v2
IT,IT.NET.BBND.P2,2018,28.4648521996575,worldbank,2026-09-23,api.worldbank.org v2
IT,IT.NET.BBND.P2,2019,29.0544644701951,worldbank,2026-09-23,api.worldbank.org v2
IT,IT.NET.BBND.P2,2020,30.2586365187027,worldbank,2026-09-23,api.worldbank.org v2
IT,IT.NET.BBND.P2,2021,31.2852927413407,worldbank,2026-09-23,api.worldbank.org v2
IT,IT.NET.BBND.P2,2022,31.19136706407,worldbank,2026-09-23,api.worldbank.org v2
IT,IT.NET.BBND.P2,2023,31.8410876819321,worldbank,2026-09-23,api.worldbank.org v2
IT,IT.NET.BBND.P2,2024,31.7807732477772,worldbank,2026-09-23,api.worldbank.org v2
IT,IT.NET.USER.ZS,2014,55.6384602242293,worldbank,2026-09-23,api.worldbank.org v2
IT,IT.NET.USER.ZS,2015,58.1417349568747,worldbank,2026-09-23,api.worldbank.org v2
IT,IT.NET.USER.ZS,2016,61.3242527666303,worldbank,2026-09-23,api.worldbank.org v2
IT,IT.NET.USER.ZS,2017,63.0773469984291,worldbank,2026-09-23,api.worldbank.org v2
IT,IT.NET.USER.ZS,2018,74.3871829234822,worldbank,2026-09-23,api.worldbank.org v2
IT,IT.NET.USER.ZS,2019,67.8507102874836,worldbank,2026-09-23,api.worldbank.org v2
IT,IT.NET.USER.ZS,2020,70.48342785,worldbank,2026-09-23,api.worldbank.org v2
IT,IT.NET.USER.ZS,2021,74.8623274,worldbank,2026-09-23,api.worldbank.org v2
IT,IT.NET.USER.ZS,2022,85.06074504,worldbank,2026-09-23,api.worldbank.org v2
IT,IT.NET.USER.ZS,2023,87.0278292,worldbank,2026-09-23,api.worldbank.org v2
IT,IT.NET.USER.ZS,2024,89.2207202,worldbank,2026-09-23,api.worldbank.org v2
IT,NY.GDP.MKTP.CD,2014,2173255507985.84,worldbank,2026-09-23,api.worldbank.org v2
IT,NY.GDP.MKTP.CD,2015,1845428048839.1,worldbank,2026-09-23,api.worldbank.org v2
IT,NY.GDP.MKTP.CD,2016,1887111188176.93,worldbank,2026-09-23,api.worldbank.org v2
IT,NY.GDP.MKTP.CD,2017,1970720904584.71,worldbank,2026-09-23,api.worldbank.org v2
IT,NY.GDP.MKTP.CD,2018,2099435266458.67,worldbank,2026-09-23,api.worldbank.org v2
IT,NY.GDP.MKTP.CD,2019,2019606796583.53,worldbank,2026-09-23,api.worldbank.org v2
IT,NY.GDP.MKTP.CD,2020,1907481094079.23,worldbank,2026-09-23,api.worldbank.org v2
IT,NY.GDP.MKTP.CD,2021,2179207773596.09,worldbank,2026-09-23,api.worldbank.org v2
IT,NY.GDP.MKTP.CD,2022,2104067630319.46,worldbank,2026-09-23,api.worldbank.org v2
IT,NY.GDP.MKTP.CD,2023,2316882296366.32,worldbank,2026-09-23,api.worldbank.org v2
IT,NY.GDP.MKTP.CD,2024,2383435562458.12,worldbank,2026-09-23,api.worldbank.org v2
IT,NY.GDP.MKTP.CD,2025,2551556954100.35,worldbank,2026-09-23,api.worldbank.org v2
IT,NY.GDP.PCAP.CD,2014,36028.3494022349,worldbank,2026-09-23,api.worldbank.org v2
IT,NY.GDP.PCAP.CD,2015,30639.8829751432,worldbank,2026-09-23,api.worldbank.org v2
IT,NY.GDP.PCAP.CD,2016,31391.5692898108,worldbank,2026-09-23,api.worldbank.org v2
IT,NY.GDP.PCAP.CD,2017,32844.115660604,worldbank,2026-09-23,api.worldbank.org v2
IT,NY.GDP.PCAP.CD,2018,35062.3364176949,worldbank,2026-09-23,api.worldbank.org v2
IT,NY.GDP.PCAP.CD,2019,33812.788724868,worldbank,2026-09-23,api.worldbank.org v2
IT,NY.GDP.PCAP.CD,2020,32091.4866621366,worldbank,2026-09-23,api.worldbank.org v2
IT,NY.GDP.PCAP.CD,2021,36852.5425414951,worldbank,2026-09-23,api.worldbank.org v2
IT,NY.GDP.PCAP.CD,2022,35653.9042103495,worldbank,2026-09-23,api.worldbank.org v2
IT,NY.GDP.PCAP.CD,2023,39279.699782164,worldbank,2026-09-23,api.worldbank.org v2
IT,NY.GDP.PCAP.CD,2024,40429.6224047352,worldbank,2026-09-23,api.worldbank.org v2
IT,NY.GDP.PCAP.CD,2025,43308.6403060733,worldbank,2026-09-23,api.worldbank.org v2
IT,NY.GDP.PCAP.PP.CD,2014,36665.68576775,worldbank,2026-09-23,api.worldbank.org v2
IT,NY.GDP.PCAP.PP.CD,2015,37384.3796455406,worldbank,2026-09-23,api.worldbank.org v2
IT,NY.GDP.PCAP.PP.CD,2016,40482.562999856,worldbank,2026-09-23,api.worldbank.org v2
IT,NY.GDP.PCAP.PP.CD,2017,42142.3435406885,worldbank,2026-09-23,api.worldbank.org v2
IT,NY.GDP.PCAP.PP.CD,2018,43583.3823241172,worldbank,2026-09-23,api.worldbank.org v2
IT,NY.GDP.PCAP.PP.CD,2019,46661.9105159611,worldbank,2026-09-23,api.worldbank.org v2
IT,NY.GDP.PCAP.PP.CD,2020,44435.6434393527,worldbank,2026-09-23,api.worldbank.org v2
IT,NY.GDP.PCAP.PP.CD,2021,49825.3934111848,worldbank,2026-09-23,api.worldbank.org v2
IT,NY.GDP.PCAP.PP.CD,2022,57260.8945372493,worldbank,2026-09-23,api.worldbank.org v2
IT,NY.GDP.PCAP.PP.CD,2023,60349.664512107,worldbank,2026-09-23,api.worldbank.org v2
IT,NY.GDP.PCAP.PP.CD,2024,62292.9012423008,worldbank,2026-09-23,api.worldbank.org v2
IT,NY.GDP.PCAP.PP.CD,2025,62802.5108384276,worldbank,2026-09-23,api.worldbank.org v2
IT,SP.POP.TOTL,2014,60320707.0,worldbank,2026-09-23,api.worldbank.org v2
IT,SP.POP.TOTL,2015,60229605.0,worldbank,2026-09-23,api.worldbank.org v2
IT,SP.POP.TOTL,2016,60115223.0,worldbank,2026-09-23,api.worldbank.org v2
IT,SP.POP.TOTL,2017,60002252.0,worldbank,2026-09-23,api.worldbank.org v2
IT,SP.POP.TOTL,2018,59877221.0,worldbank,2026-09-23,api.worldbank.org v2
IT,SP.POP.TOTL,2019,59729081.0,worldbank,2026-09-23,api.worldbank.org v2
IT,SP.POP.TOTL,2020,59438851.0,worldbank,2026-09-23,api.worldbank.org v2
IT,SP.POP.TOTL,2021,59133173.0,worldbank,2026-09-23,api.worldbank.org v2
IT,SP.POP.TOTL,2022,59013667.0,worldbank,2026-09-23,api.worldbank.org v2
IT,SP.POP.TOTL,2023,58984216.0,worldbank,2026-09-23,api.worldbank.org v2
IT,SP.POP.TOTL,2024,58952704.0,worldbank,2026-09-23,api.worldbank.org v2
IT,SP.POP.TOTL,2025,58915656.0,worldbank,2026-09-23,api.worldbank.org v2
IT,SP.URB.TOTL.IN.ZS,2014,69.5807638614879,worldbank,2026-09-23,api.worldbank.org v2
IT,SP.URB.TOTL.IN.ZS,2015,69.6100006103516,worldbank,2026-09-23,api.worldbank.org v2
IT,SP.URB.TOTL.IN.ZS,2016,69.5969232525286,worldbank,2026-09-23,api.worldbank.org v2
IT,SP.URB.TOTL.IN.ZS,2017,69.5180784259382,worldbank,2026-09-23,api.worldbank.org v2
IT,SP.URB.TOTL.IN.ZS,2018,69.4800033569336,worldbank,2026-09-23,api.worldbank.org v2
IT,SP.URB.TOTL.IN.ZS,2019,69.5050010681153,worldbank,2026-09-23,api.worldbank.org v2
IT,SP.URB.TOTL.IN.ZS,2020,69.5187492370606,worldbank,2026-09-23,api.worldbank.org v2
IT,SP.URB.TOTL.IN.ZS,2021,69.4812507629394,worldbank,2026-09-23,api.worldbank.org v2
IT,SP.URB.TOTL.IN.ZS,2022,69.4839779766539,worldbank,2026-09-23,api.worldbank.org v2
IT,SP.URB.TOTL.IN.ZS,2023,69.5381540123301,worldbank,2026-09-23,api.worldbank.org v2
IT,SP.URB.TOTL.IN.ZS,2024,69.6047535143071,worldbank,2026-09-23,api.worldbank.org v2
IT,SP.URB.TOTL.IN.ZS,2025,69.680861801678,worldbank,2026-09-23,api.worldbank.org v2
JP,EN.POP.DNST,2014,349.179698216735,worldbank,2026-09-23,api.worldbank.org v2
JP,EN.POP.DNST,2015,348.809327846365,worldbank,2026-09-23,api.worldbank.org v2
JP,EN.POP.DNST,2016,348.631001371742,worldbank,2026-09-23,api.worldbank.org v2
JP,EN.POP.DNST,2017,348.345679012346,worldbank,2026-09-23,api.worldbank.org v2
JP,EN.POP.DNST,2018,347.903978052126,worldbank,2026-09-23,api.worldbank.org v2
JP,EN.POP.DNST,2019,347.415637860082,worldbank,2026-09-23,api.worldbank.org v2
JP,EN.POP.DNST,2020,346.395061728395,worldbank,2026-09-23,api.worldbank.org v2
JP,EN.POP.DNST,2021,344.80546776406,worldbank,2026-09-23,api.worldbank.org v2
JP,EN.POP.DNST,2022,343.278433470508,worldbank,2026-09-23,api.worldbank.org v2
JP,EN.POP.DNST,2023,341.54455749932,worldbank,2026-09-23,api.worldbank.org v2
JP,IT.CEL.SETS.P2,2014,123.822099584501,worldbank,2026-09-23,api.worldbank.org v2
JP,IT.CEL.SETS.P2,2015,126.150959704287,worldbank,2026-09-23,api.worldbank.org v2
JP,IT.CEL.SETS.P2,2016,131.214861037498,worldbank,2026-09-23,api.worldbank.org v2
JP,IT.CEL.SETS.P2,2017,135.985843116605,worldbank,2026-09-23,api.worldbank.org v2
JP,IT.CEL.SETS.P2,2018,141.728728918149,worldbank,2026-09-23,api.worldbank.org v2
JP,IT.CEL.SETS.P2,2019,147.209910756974,worldbank,2026-09-23,api.worldbank.org v2
JP,IT.CEL.SETS.P2,2020,154.432206765516,worldbank,2026-09-23,api.worldbank.org v2
JP,IT.CEL.SETS.P2,2021,159.516123485628,worldbank,2026-09-23,api.worldbank.org v2
JP,IT.CEL.SETS.P2,2022,168.602943650636,worldbank,2026-09-23,api.worldbank.org v2
JP,IT.CEL.SETS.P2,2023,178.432441299977,worldbank,2026-09-23,api.worldbank.org v2
JP,IT.NET.BBND.P2,2014,29.6414897863191,worldbank,2026-09-23,api.worldbank.org v2
JP,IT.NET.BBND.P2,2015,30.5419859940146,worldbank,2026-09-23,api.worldbank.org v2
JP,IT.NET.BBND.P2,2016,31.3035556297124,worldbank,2026-09-23,api.worldbank.org v2
JP,IT.NET.BBND.P2,2017,31.8990791226107,worldbank,2026-09-23,api.worldbank.org v2
JP,IT.NET.BBND.P2,2018,32.6965336498031,worldbank,2026-09-23,api.worldbank.org v2
JP,IT.NET.BBND.P2,2019,33.545921250597,worldbank,2026-09-23,api.worldbank.org v2
JP,IT.NET.BBND.P2,2020,34.8370612448992,worldbank,2026-09-23,api.worldbank.org v2
JP,IT.NET.BBND.P2,2021,35.9391724358064,worldbank,2026-09-23,api.worldbank.org v2
JP,IT.NET.BBND.P2,2022,36.8414210393741,worldbank,2026-09-23,api.worldbank.org v2
JP,IT.NET.BBND.P2,2023,38.6312383711286,worldbank,2026-09-23,api.worldbank.org v2
JP,IT.NET.USER.ZS,2014,89.1068330166075,worldbank,2026-09-23,api.worldbank.org v2
JP,IT.NET.USER.ZS,2015,91.0580283929962,worldbank,2026-09-23,api.worldbank.org v2
JP,IT.NET.USER.ZS,2016,93.1827212821617,worldbank,2026-09-23,api.worldbank.org v2
JP,IT.NET.USER.ZS,2017,91.7265472366635,worldbank,2026-09-23,api.worldbank.org v2
JP,IT.NET.USER.ZS,2018,88.7463508901772,worldbank,2026-09-23,api.worldbank.org v2
JP,IT.NET.USER.ZS,2019,92.7303978145525,worldbank,2026-09-23,api.worldbank.org v2
JP,IT.NET.USER.ZS,2020,90.21945812,worldbank,2026-09-23,api.worldbank.org v2
JP,IT.NET.USER.ZS,2021,82.91407928,worldbank,2026-09-23,api.worldbank.org v2
JP,IT.NET.USER.ZS,2022,84.92343147,worldbank,2026-09-23,api.worldbank.org v2
JP,IT.NET.USER.ZS,2023,85.00990295,worldbank,2026-09-23,api.worldbank.org v2
JP,IT.NET.USER.ZS,2024,85.54153081,worldbank,2026-09-23,api.worldbank.org v2
JP,NY.GDP.MKTP.CD,2014,4985763289560.81,worldbank,2026-09-23,api.worldbank.org v2
JP,NY.GDP.MKTP.CD,2015,4534438580494.94,worldbank,2026-09-23,api.worldbank.org v2
JP,NY.GDP.MKTP.CD,2016,5110357383254.44,worldbank,2026-09-23,api.worldbank.org v2
JP,NY.GDP.MKTP.CD,2017,5038231631660.71,worldbank,2026-09-23,api.worldbank.org v2
JP,NY.GDP.MKTP.CD,2018,5154293721629.56,worldbank,2026-09-23,api.worldbank.org v2
JP,NY.GDP.MKTP.CD,2019,5245755000479.03,worldbank,2026-09-23,api.worldbank.org v2
JP,NY.GDP.MKTP.CD,2020,5189197543645.38,worldbank,2026-09-23,api.worldbank.org v2
JP,NY.GDP.MKTP.CD,2021,5225933520753.1,worldbank,2026-09-23,api.worldbank.org v2
JP,NY.GDP.MKTP.CD,2022,4447976207314.78,worldbank,2026-09-23,api.worldbank.org v2
JP,NY.GDP.MKTP.CD,2023,4384854269961.93,worldbank,2026-09-23,api.worldbank.org v2
JP,NY.GDP.MKTP.CD,2024,4190008188358.57,worldbank,2026-09-23,api.worldbank.org v2
JP,NY.GDP.MKTP.CD,2025,4435162999976.94,worldbank,2026-09-23,api.worldbank.org v2
JP,NY.GDP.PCAP.CD,2014,39172.8471161948,worldbank,2026-09-23,api.worldbank.org v2
JP,NY.GDP.PCAP.CD,2015,35664.6446110613,worldbank,2026-09-23,api.worldbank.org v2
JP,NY.GDP.PCAP.CD,2016,40214.9688631562,worldbank,2026-09-23,api.worldbank.org v2
JP,NY.GDP.PCAP.CD,2017,39679.8635262948,worldbank,2026-09-23,api.worldbank.org v2
JP,NY.GDP.PCAP.CD,2018,40645.478086519,worldbank,2026-09-23,api.worldbank.org v2
JP,NY.GDP.PCAP.CD,2019,41424.8655601543,worldbank,2026-09-23,api.worldbank.org v2
JP,NY.GDP.PCAP.CD,2020,41098.9739004553,worldbank,2026-09-23,api.worldbank.org v2
JP,NY.GDP.PCAP.CD,2021,41580.739040705,worldbank,2026-09-23,api.worldbank.org v2
JP,NY.GDP.PCAP.CD,2022,35548.2645222433,worldbank,2026-09-23,api.worldbank.org v2
JP,NY.GDP.PCAP.CD,2023,35215.003535366,worldbank,2026-09-23,api.worldbank.org v2
JP,NY.GDP.PCAP.CD,2024,33797.1014287876,worldbank,2026-09-23,api.worldbank.org v2
JP,NY.GDP.PCAP.CD,2025,35951.0449549304,worldbank,2026-09-23,api.worldbank.org v2
JP,NY.GDP.PCAP.PP.CD,2014,40272.4415780289,worldbank,2026-09-23,api.worldbank.org v2
JP,NY.GDP.PCAP.PP.CD,2015,41722.3895623635,worldbank,2026-09-23,api.worldbank.org v2
JP,NY.GDP.PCAP.PP.CD,2016,41462.5069772969,worldbank,2026-09-23,api.worldbank.org v2
JP,NY.GDP.PCAP.PP.CD,2017,42346.876013211,worldbank,2026-09-23,api.worldbank.org v2
JP,NY.GDP.PCAP.PP.CD,2018,43090.0699981402,worldbank,2026-09-23,api.worldbank.org v2
JP,NY.GDP.PCAP.PP.CD,2019,43743.5313931194,worldbank,2026-09-23,api.worldbank.org v2
JP,NY.GDP.PCAP.PP.CD,2020,43560.021428549,worldbank,2026-09-23,api.worldbank.org v2
JP,NY.GDP.PCAP.PP.CD,2021,45999.4617966896,worldbank,2026-09-23,api.worldbank.org v2
JP,NY.GDP.PCAP.PP.CD,2022,49245.964174373,worldbank,2026-09-23,api.worldbank.org v2
JP,NY.GDP.PCAP.PP.CD,2023,52726.2389417641,worldbank,2026-09-23,api.worldbank.org v2
JP,NY.GDP.PCAP.PP.CD,2024,54156.2687689605,worldbank,2026-09-23,api.worldbank.org v2
JP,NY.GDP.PCAP.PP.CD,2025,55421.8797530311,worldbank,2026-09-23,api.worldbank.org v2
JP,SP.POP.TOTL,2014,127276000.0,worldbank,2026-09-23,api.worldbank.org v2
JP,SP.POP.TOTL,2015,127141000.0,worldbank,2026-09-23,api.worldbank.org v2
JP,SP.POP.TOTL,2016,127076000.0,worldbank,2026-09-23,api.worldbank.org v2
JP,SP.POP.TOTL,2017,126972000.0,worldbank,2026-09-23,api.worldbank.org v2
JP,SP.POP.TOTL,2018,126811000.0,worldbank,2026-09-23,api.worldbank.org v2
JP,SP.POP.TOTL,2019,126633000.0,worldbank,2026-09-23,api.worldbank.org v2
JP,SP.POP.TOTL,2020,126261000.0,worldbank,2026-09-23,api.worldbank.org v2
JP,SP.POP.TOTL,2021,125681593.0,worldbank,2026-09-23,api.worldbank.org v2
JP,SP.POP.TOTL,2022,125124989.0,worldbank,2026-09-23,api.worldbank.org v2
JP,SP.POP.TOTL,2023,124516650.0,worldbank,2026-09-23,api.worldbank.org v2
JP,SP.POP.TOTL,2024,123975371.0,worldbank,2026-09-23,api.worldbank.org v2
JP,SP.POP.TOTL,2025,123366734.0,worldbank,2026-09-23,api.worldbank.org v2
JP,SP.URB.TOTL.IN.ZS,2014,91.2548945132333,worldbank,2026-09-23,api.worldbank.org v2
JP,SP.URB.TOTL.IN.ZS,2015,91.3532644103625,worldbank,2026-09-23,api.worldbank.org v2
JP,SP.URB.TOTL.IN.ZS,2016,91.4541254852142,worldbank,2026-09-23,api.worldbank.org v2
JP,SP.URB.TOTL.IN.ZS,2017,91.5498419685883,worldbank,2026-09-23,api.worldbank.org v2
JP,SP.URB.TOTL.IN.ZS,2018,91.6377318609728,worldbank,2026-09-23,api.worldbank.org v2
JP,SP.URB.TOTL.IN.ZS,2019,91.7164207898107,worldbank,2026-09-23,api.worldbank.org v2
JP,SP.URB.TOTL.IN.ZS,2020,91.7809926267889,worldbank,2026-09-23,api.worldbank.org v2
JP,SP.URB.TOTL.IN.ZS,2021,91.8741049279527,worldbank,2026-09-23,api.worldbank.org v2
JP,SP.URB.TOTL.IN.ZS,2022,91.9776532428406,worldbank,2026-09-23,api.worldbank.org v2
JP,SP.URB.TOTL.IN.ZS,2023,92.0826903891473,worldbank,2026-09-23,api.worldbank.org v2
JP,SP.URB.TOTL.IN.ZS,2024,92.1901718034531,worldbank,2026-09-23,api.worldbank.org v2
JP,SP.URB.TOTL.IN.ZS,2025,92.3001449420786,worldbank,2026-09-23,api.worldbank.org v2
KR,EN.POP.DNST,2014,520.852499230217,worldbank,2026-09-23,api.worldbank.org v2
KR,EN.POP.DNST,2015,523.525547744882,worldbank,2026-09-23,api.worldbank.org v2
KR,EN.POP.DNST,2016,525.370072521002,worldbank,2026-09-23,api.worldbank.org v2
KR,EN.POP.DNST,2017,526.734806686494,worldbank,2026-09-23,api.worldbank.org v2
KR,EN.POP.DNST,2018,528.969011484824,worldbank,2026-09-23,api.worldbank.org v2
KR,EN.POP.DNST,2019,530.377274590164,worldbank,2026-09-23,api.worldbank.org v2
KR,EN.POP.DNST,2020,531.109006147541,worldbank,2026-09-23,api.worldbank.org v2
KR,EN.POP.DNST,2021,530.425604508197,worldbank,2026-09-23,api.worldbank.org v2
KR,EN.POP.DNST,2022,529.43205942623,worldbank,2026-09-23,api.worldbank.org v2
KR,EN.POP.DNST,2023,529.842407786885,worldbank,2026-09-23,api.worldbank.org v2
KR,IT.CEL.SETS.P2,2014,113.358579550833,worldbank,2026-09-23,api.worldbank.org v2
KR,IT.CEL.SETS.P2,2015,115.595447050042,worldbank,2026-09-23,api.worldbank.org v2
KR,IT.CEL.SETS.P2,2016,119.489512998783,worldbank,2026-09-23,api.worldbank.org v2
KR,IT.CEL.SETS.P2,2017,123.642066127533,worldbank,2026-09-23,api.worldbank.org v2
KR,IT.CEL.SETS.P2,2018,128.494634504197,worldbank,2026-09-23,api.worldbank.org v2
KR,IT.CEL.SETS.P2,2019,133.079790493891,worldbank,2026-09-23,api.worldbank.org v2
KR,IT.CEL.SETS.P2,2020,135.973274343048,worldbank,2026-09-23,api.worldbank.org v2
KR,IT.CEL.SETS.P2,2021,140.516382791931,worldbank,2026-09-23,api.worldbank.org v2
KR,IT.CEL.SETS.P2,2022,148.68360770138,worldbank,2026-09-23,api.worldbank.org v2
KR,IT.CEL.SETS.P2,2023,162.11365652794,worldbank,2026-09-23,api.worldbank.org v2
KR,IT.CEL.SETS.P2,2024,172.520241179065,worldbank,2026-09-23,api.worldbank.org v2
KR,IT.NET.BBND.P2,2014,37.9883114555998,worldbank,2026-09-23,api.worldbank.org v2
KR,IT.NET.BBND.P2,2015,39.2759563055891,worldbank,2026-09-23,api.worldbank.org v2
KR,IT.NET.BBND.P2,2016,40.0712454963259,worldbank,2026-09-23,api.worldbank.org v2
KR,IT.NET.BBND.P2,2017,41.1680978249153,worldbank,2026-09-23,api.worldbank.org v2
KR,IT.NET.BBND.P2,2018,41.2189959375994,worldbank,2026-09-23,api.worldbank.org v2
KR,IT.NET.BBND.P2,2019,42.0373507524342,worldbank,2026-09-23,api.worldbank.org v2
KR,IT.NET.BBND.P2,2020,43.0540600860627,worldbank,2026-09-23,api.worldbank.org v2
KR,IT.NET.BBND.P2,2021,44.2526082339633,worldbank,2026-09-23,api.worldbank.org v2
KR,IT.NET.BBND.P2,2022,45.4542124182774,worldbank,2026-09-23,api.worldbank.org v2
KR,IT.NET.BBND.P2,2023,46.5676352036327,worldbank,2026-09-23,api.worldbank.org v2
KR,IT.NET.BBND.P2,2024,47.8014965507867,worldbank,2026-09-23,api.worldbank.org v2
KR,IT.NET.USER.ZS,2014,87.5568264944747,worldbank,2026-09-23,api.worldbank.org v2
KR,IT.NET.USER.ZS,2015,89.8962557995106,worldbank,2026-09-23,api.worldbank.org v2
KR,IT.NET.USER.ZS,2016,92.8430256796075,worldbank,2026-09-23,api.worldbank.org v2
KR,IT.NET.USER.ZS,2017,95.0694218761004,worldbank,2026-09-23,api.worldbank.org v2
KR,IT.NET.USER.ZS,2018,96.0228595797887,worldbank,2026-09-23,api.worldbank.org v2
KR,IT.NET.USER.ZS,2019,96.157579184239,worldbank,2026-09-23,api.worldbank.org v2
KR,IT.NET.USER.ZS,2020,96.50506052,worldbank,2026-09-23,api.worldbank.org v2
KR,IT.NET.USER.ZS,2021,97.57132698,worldbank,2026-09-23,api.worldbank.org v2
KR,IT.NET.USER.ZS,2022,97.16855335,worldbank,2026-09-23,api.worldbank.org v2
KR,IT.NET.USER.ZS,2023,97.41597478,worldbank,2026-09-23,api.worldbank.org v2
KR,IT.NET.USER.ZS,2024,97.89563777,worldbank,2026-09-23,api.worldbank.org v2
KR,NY.GDP.MKTP.CD,2014,1556252422020.44,worldbank,2026-09-23,api.worldbank.org v2
KR,NY.GDP.MKTP.CD,2015,1539212301135.55,worldbank,2026-09-23,api.worldbank.org v2
KR,NY.GDP.MKTP.CD,2016,1579150518945.44,worldbank,2026-09-23,api.worldbank.org v2
KR,NY.GDP.MKTP.CD,2017,1710196756713.17,worldbank,2026-09-23,api.worldbank.org v2
KR,NY.GDP.MKTP.CD,2018,1824251454306.83,worldbank,2026-09-23,api.worldbank.org v2
KR,NY.GDP.MKTP.CD,2019,1751045752054.63,worldbank,2026-09-23,api.worldbank.org v2
KR,NY.GDP.MKTP.CD,2020,1744070276373.34,worldbank,2026-09-23,api.worldbank.org v2
KR,NY.GDP.MKTP.CD,2021,1942313560965.9,worldbank,2026-09-23,api.worldbank.org v2
KR,NY.GDP.MKTP.CD,2022,1799363116866.52,worldbank,2026-09-23,api.worldbank.org v2
KR,NY.GDP.MKTP.CD,2023,1844800934391.54,worldbank,2026-09-23,api.worldbank.org v2
KR,NY.GDP.MKTP.CD,2024,1875388209406.8,worldbank,2026-09-23,api.worldbank.org v2
KR,NY.GDP.MKTP.CD,2025,1872374961553.15,worldbank,2026-09-23,api.worldbank.org v2
KR,NY.GDP.PCAP.CD,2014,30667.0912467447,worldbank,2026-09-23,api.worldbank.org v2
KR,NY.GDP.PCAP.CD,2015,30171.7906545222,worldbank,2026-09-23,api.worldbank.org v2
KR,NY.GDP.PCAP.CD,2016,30832.0628072516,worldbank,2026-09-23,api.worldbank.org v2
KR,NY.GDP.PCAP.CD,2017,33296.9845439195,worldbank,2026-09-23,api.worldbank.org v2
KR,NY.GDP.PCAP.CD,2018,35363.9508228687,worldbank,2026-09-23,api.worldbank.org v2
KR,NY.GDP.PCAP.CD,2019,33826.9443301597,worldbank,2026-09-23,api.worldbank.org v2
KR,NY.GDP.PCAP.CD,2020,33645.7719545073,worldbank,2026-09-23,api.worldbank.org v2
KR,NY.GDP.PCAP.CD,2021,37518.4635305697,worldbank,2026-09-23,api.worldbank.org v2
KR,NY.GDP.PCAP.CD,2022,34822.4048404971,worldbank,2026-09-23,api.worldbank.org v2
KR,NY.GDP.PCAP.CD,2023,35674.095995632,worldbank,2026-09-23,api.worldbank.org v2
KR,NY.GDP.PCAP.CD,2024,36238.639908315,worldbank,2026-09-23,api.worldbank.org v2
KR,NY.GDP.PCAP.CD,2025,36226.9663637512,worldbank,2026-09-23,api.worldbank.org v2
KR,NY.GDP.PCAP.PP.CD,2014,37032.1724172561,worldbank,2026-09-23,api.worldbank.org v2
KR,NY.GDP.PCAP.PP.CD,2015,39794.1961180043,worldbank,2026-09-23,api.worldbank.org v2
KR,NY.GDP.PCAP.PP.CD,2016,41672.6278317077,worldbank,2026-09-23,api.worldbank.org v2
KR,NY.GDP.PCAP.PP.CD,2017,43155.9100867658,worldbank,2026-09-23,api.worldbank.org v2
KR,NY.GDP.PCAP.PP.CD,2018,45511.0803506331,worldbank,2026-09-23,api.worldbank.org v2
KR,NY.GDP.PCAP.PP.CD,2019,46511.2196957018,worldbank,2026-09-23,api.worldbank.org v2
KR,NY.GDP.PCAP.PP.CD,2020,47881.4921344193,worldbank,2026-09-23,api.worldbank.org v2
KR,NY.GDP.PCAP.PP.CD,2021,51718.2518656631,worldbank,2026-09-23,api.worldbank.org v2
KR,NY.GDP.PCAP.PP.CD,2022,55509.3368761174,worldbank,2026-09-23,api.worldbank.org v2
KR,NY.GDP.PCAP.PP.CD,2023,57429.8031076402,worldbank,2026-09-23,api.worldbank.org v2
KR,NY.GDP.PCAP.PP.CD,2024,61051.3492502498,worldbank,2026-09-23,api.worldbank.org v2
KR,NY.GDP.PCAP.PP.CD,2025,63124.9152183625,worldbank,2026-09-23,api.worldbank.org v2
KR,SP.POP.TOTL,2014,50746659.0,worldbank,2026-09-23,api.worldbank.org v2
KR,SP.POP.TOTL,2015,51014947.0,worldbank,2026-09-23,api.worldbank.org v2
KR,SP.POP.TOTL,2016,51217803.0,worldbank,2026-09-23,api.worldbank.org v2
KR,SP.POP.TOTL,2017,51361911.0,worldbank,2026-09-23,api.worldbank.org v2
KR,SP.POP.TOTL,2018,51585058.0,worldbank,2026-09-23,api.worldbank.org v2
KR,SP.POP.TOTL,2019,51764822.0,worldbank,2026-09-23,api.worldbank.org v2
KR,SP.POP.TOTL,2020,51836239.0,worldbank,2026-09-23,api.worldbank.org v2
KR,SP.POP.TOTL,2021,51769539.0,worldbank,2026-09-23,api.worldbank.org v2
KR,SP.POP.TOTL,2022,51672569.0,worldbank,2026-09-23,api.worldbank.org v2
KR,SP.POP.TOTL,2023,51712619.0,worldbank,2026-09-23,api.worldbank.org v2
KR,SP.POP.TOTL,2024,51751065.0,worldbank,2026-09-23,api.worldbank.org v2
KR,SP.POP.TOTL,2025,51684564.0,worldbank,2026-09-23,api.worldbank.org v2
KR,SP.URB.TOTL.IN.ZS,2014,81.7315682816954,worldbank,2026-09-23,api.worldbank.org v2
KR,SP.URB.TOTL.IN.ZS,2015,81.639489860678,worldbank,2026-09-23,api.worldbank.org v2
KR,SP.URB.TOTL.IN.ZS,2016,81.5559241797057,worldbank,2026-09-23,api.worldbank.org v2
KR,SP.URB.TOTL.IN.ZS,2017,81.471030429984,worldbank,2026-09-23,api.worldbank.org v2
KR,SP.URB.TOTL.IN.ZS,2018,81.3823523035196,worldbank,2026-09-23,api.worldbank.org v2
KR,SP.URB.TOTL.IN.ZS,2019,81.2901063535619,worldbank,2026-09-23,api.worldbank.org v2
KR,SP.URB.TOTL.IN.ZS,2020,81.1759595622913,worldbank,2026-09-23,api.worldbank.org v2
KR,SP.URB.TOTL.IN.ZS,2021,81.1616526507785,worldbank,2026-09-23,api.worldbank.org v2
KR,SP.URB.TOTL.IN.ZS,2022,81.1624941626873,worldbank,2026-09-23,api.worldbank.org v2
KR,SP.URB.TOTL.IN.ZS,2023,81.1645551720421,worldbank,2026-09-23,api.worldbank.org v2
KR,SP.URB.TOTL.IN.ZS,2024,81.1682528469686,worldbank,2026-09-23,api.worldbank.org v2
KR,SP.URB.TOTL.IN.ZS,2025,81.1740263306674,worldbank,2026-09-23,api.worldbank.org v2
MX,EN.POP.DNST,2014,61.6190030607783,worldbank,2026-09-23,api.worldbank.org v2
MX,EN.POP.DNST,2015,62.2815946912215,worldbank,2026-09-23,api.worldbank.org v2
MX,EN.POP.DNST,2016,62.8881149206513,worldbank,2026-09-23,api.worldbank.org v2
MX,EN.POP.DNST,2017,63.4790282671879,worldbank,2026-09-23,api.worldbank.org v2
MX,EN.POP.DNST,2018,64.0827752771419,worldbank,2026-09-23,api.worldbank.org v2
MX,EN.POP.DNST,2019,64.6945559299365,worldbank,2026-09-23,api.worldbank.org v2
MX,EN.POP.DNST,2020,65.227528485815,worldbank,2026-09-23,api.worldbank.org v2
MX,EN.POP.DNST,2021,65.664316469045,worldbank,2026-09-23,api.worldbank.org v2
MX,EN.POP.DNST,2022,66.1607124668844,worldbank,2026-09-23,api.worldbank.org v2
MX,EN.POP.DNST,2023,66.7402757272564,worldbank,2026-09-23,api.worldbank.org v2
MX,IT.CEL.SETS.P2,2014,87.6144646415609,worldbank,2026-09-23,api.worldbank.org v2
MX,IT.CEL.SETS.P2,2015,88.9454290232153,worldbank,2026-09-23,api.worldbank.org v2
MX,IT.CEL.SETS.P2,2016,91.3941924453661,worldbank,2026-09-23,api.worldbank.org v2
MX,IT.CEL.SETS.P2,2017,92.6493518556478,worldbank,2026-09-23,api.worldbank.org v2
MX,IT.CEL.SETS.P2,2018,96.4612204576614,worldbank,2026-09-23,api.worldbank.org v2
MX,IT.CEL.SETS.P2,2019,97.0358606795758,worldbank,2026-09-23,api.worldbank.org v2
MX,IT.CEL.SETS.P2,2020,96.9237451881936,worldbank,2026-09-23,api.worldbank.org v2
MX,IT.CEL.SETS.P2,2021,99.09481491263,worldbank,2026-09-23,api.worldbank.org v2
MX,IT.CEL.SETS.P2,2022,105.720624125765,worldbank,2026-09-23,api.worldbank.org v2
MX,IT.CEL.SETS.P2,2023,111.735420288549,worldbank,2026-09-23,api.worldbank.org v2
MX,IT.CEL.SETS.P2,2024,116.486713265167,worldbank,2026-09-23,api.worldbank.org v2
MX,IT.NET.BBND.P2,2014,10.8799928230972,worldbank,2026-09-23,api.worldbank.org v2
MX,IT.NET.BBND.P2,2015,12.1891508368561,worldbank,2026-09-23,api.worldbank.org v2
MX,IT.NET.BBND.P2,2016,13.0255992017626,worldbank,2026-09-23,api.worldbank.org v2
MX,IT.NET.BBND.P2,2017,13.7767213511093,worldbank,2026-09-23,api.worldbank.org v2
MX,IT.NET.BBND.P2,2018,14.7373951154108,worldbank,2026-09-23,api.worldbank.org v2
MX,IT.NET.BBND.P2,2019,15.3885155172291,worldbank,2026-09-23,api.worldbank.org v2
MX,IT.NET.BBND.P2,2020,17.7520559419946,worldbank,2026-09-23,api.worldbank.org v2
MX,IT.NET.BBND.P2,2021,19.2796725887476,worldbank,2026-09-23,api.worldbank.org v2
MX,IT.NET.BBND.P2,2022,20.6070256426489,worldbank,2026-09-23,api.worldbank.org v2
MX,IT.NET.BBND.P2,2023,20.752917384408,worldbank,2026-09-23,api.worldbank.org v2
MX,IT.NET.BBND.P2,2024,21.7367225364543,worldbank,2026-09-23,api.worldbank.org v2
MX,IT.NET.USER.ZS,2014,44.3856962723411,worldbank,2026-09-23,api.worldbank.org v2
MX,IT.NET.USER.ZS,2015,57.4310429923633,worldbank,2026-09-23,api.worldbank.org v2
MX,IT.NET.USER.ZS,2016,59.5404459967255,worldbank,2026-09-23,api.worldbank.org v2
MX,IT.NET.USER.ZS,2017,53.0317886110982,worldbank,2026-09-23,api.worldbank.org v2
MX,IT.NET.USER.ZS,2018,56.6595667981289,worldbank,2026-09-23,api.worldbank.org v2
MX,IT.NET.USER.ZS,2019,69.6321092705209,worldbank,2026-09-23,api.worldbank.org v2
MX,IT.NET.USER.ZS,2020,71.49017499,worldbank,2026-09-23,api.worldbank.org v2
MX,IT.NET.USER.ZS,2021,75.62650476,worldbank,2026-09-23,api.worldbank.org v2
MX,IT.NET.USER.ZS,2022,78.63217894,worldbank,2026-09-23,api.worldbank.org v2
MX,IT.NET.USER.ZS,2023,81.18318755,worldbank,2026-09-23,api.worldbank.org v2
MX,IT.NET.USER.ZS,2024,83.12233799,worldbank,2026-09-23,api.worldbank.org v2
MX,NY.GDP.MKTP.CD,2014,1364507717689.36,worldbank,2026-09-23,api.worldbank.org v2
MX,NY.GDP.MKTP.CD,2015,1213294467653.78,worldbank,2026-09-23,api.worldbank.org v2
MX,NY.GDP.MKTP.CD,2016,1112233497452.7,worldbank,2026-09-23,api.worldbank.org v2
MX,NY.GDP.MKTP.CD,2017,1190721475853.16,worldbank,2026-09-23,api.worldbank.org v2
MX,NY.GDP.MKTP.CD,2018,1256300182983.65,worldbank,2026-09-23,api.worldbank.org v2
MX,NY.GDP.MKTP.CD,2019,1304106204006.27,worldbank,2026-09-23,api.worldbank.org v2
MX,NY.GDP.MKTP.CD,2020,1121064767168.8,worldbank,2026-09-23,api.worldbank.org v2
MX,NY.GDP.MKTP.CD,2021,1316569466833.94,worldbank,2026-09-23,api.worldbank.org v2
MX,NY.GDP.MKTP.CD,2022,1466934724243.38,worldbank,2026-09-23,api.worldbank.org v2
MX,NY.GDP.MKTP.CD,2023,1794410347718.25,worldbank,2026-09-23,api.worldbank.org v2
MX,NY.GDP.MKTP.CD,2024,1830489311088.89,worldbank,2026-09-23,api.worldbank.org v2
MX,NY.GDP.MKTP.CD,2025,1832641364775.52,worldbank,2026-09-23,api.worldbank.org v2
MX,NY.GDP.PCAP.CD,2014,11391.3773503964,worldbank,2026-09-23,api.worldbank.org v2
MX,NY.GDP.PCAP.CD,2015,10021.2386113616,worldbank,2026-09-23,api.worldbank.org v2
MX,NY.GDP.PCAP.CD,2016,9097.92397674769,worldbank,2026-09-23,api.worldbank.org v2
MX,NY.GDP.PCAP.CD,2017,9649.27816729586,worldbank,2026-09-23,api.worldbank.org v2
MX,NY.GDP.PCAP.CD,2018,10084.7937570364,worldbank,2026-09-23,api.worldbank.org v2
MX,NY.GDP.PCAP.CD,2019,10369.5553593527,worldbank,2026-09-23,api.worldbank.org v2
MX,NY.GDP.PCAP.CD,2020,8841.27074929751,worldbank,2026-09-23,api.worldbank.org v2
MX,NY.GDP.PCAP.CD,2021,10314.0506733708,worldbank,2026-09-23,api.worldbank.org v2
MX,NY.GDP.PCAP.CD,2022,11405.7940469896,worldbank,2026-09-23,api.worldbank.org v2
MX,NY.GDP.PCAP.CD,2023,13830.843848864,worldbank,2026-09-23,api.worldbank.org v2
MX,NY.GDP.PCAP.CD,2024,13988.0423745241,worldbank,2026-09-23,api.worldbank.org v2
MX,NY.GDP.PCAP.CD,2025,13889.2339628708,worldbank,2026-09-23,api.worldbank.org v2
MX,NY.GDP.PCAP.PP.CD,2014,18820.799110896,worldbank,2026-09-23,api.worldbank.org v2
MX,NY.GDP.PCAP.PP.CD,2015,19071.4444186548,worldbank,2026-09-23,api.worldbank.org v2
MX,NY.GDP.PCAP.PP.CD,2016,20104.5839787472,worldbank,2026-09-23,api.worldbank.org v2
MX,NY.GDP.PCAP.PP.CD,2017,20488.715079135,worldbank,2026-09-23,api.worldbank.org v2
MX,NY.GDP.PCAP.PP.CD,2018,20921.4775294879,worldbank,2026-09-23,api.worldbank.org v2
MX,NY.GDP.PCAP.PP.CD,2019,20964.2774863762,worldbank,2026-09-23,api.worldbank.org v2
MX,NY.GDP.PCAP.PP.CD,2020,19354.1248682138,worldbank,2026-09-23,api.worldbank.org v2
MX,NY.GDP.PCAP.PP.CD,2021,20782.5877440905,worldbank,2026-09-23,api.worldbank.org v2
MX,NY.GDP.PCAP.PP.CD,2022,23135.4931593441,worldbank,2026-09-23,api.worldbank.org v2
MX,NY.GDP.PCAP.PP.CD,2023,25188.3182559609,worldbank,2026-09-23,api.worldbank.org v2
MX,NY.GDP.PCAP.PP.CD,2024,25820.3527960242,worldbank,2026-09-23,api.worldbank.org v2
MX,NY.GDP.PCAP.PP.CD,2025,25868.4787520629,worldbank,2026-09-23,api.worldbank.org v2
MX,SP.POP.TOTL,2014,119784261.0,worldbank,2026-09-23,api.worldbank.org v2
MX,SP.POP.TOTL,2015,121072306.0,worldbank,2026-09-23,api.worldbank.org v2
MX,SP.POP.TOTL,2016,122251351.0,worldbank,2026-09-23,api.worldbank.org v2
MX,SP.POP.TOTL,2017,123400057.0,worldbank,2026-09-23,api.worldbank.org v2
MX,SP.POP.TOTL,2018,124573711.0,worldbank,2026-09-23,api.worldbank.org v2
MX,SP.POP.TOTL,2019,125762982.0,worldbank,2026-09-23,api.worldbank.org v2
MX,SP.POP.TOTL,2020,126799054.0,worldbank,2026-09-23,api.worldbank.org v2
MX,SP.POP.TOTL,2021,127648148.0,worldbank,2026-09-23,api.worldbank.org v2
MX,SP.POP.TOTL,2022,128613117.0,worldbank,2026-09-23,api.worldbank.org v2
MX,SP.POP.TOTL,2023,129739759.0,worldbank,2026-09-23,api.worldbank.org v2
MX,SP.POP.TOTL,2024,130861007.0,worldbank,2026-09-23,api.worldbank.org v2
MX,SP.POP.TOTL,2025,131946900.0,worldbank,2026-09-23,api.worldbank.org v2
MX,SP.URB.TOTL.IN.ZS,2014,76.9741367091766,worldbank,2026-09-23,api.worldbank.org v2
MX,SP.URB.TOTL.IN.ZS,2015,77.1903854182753,worldbank,2026-09-23,api.worldbank.org v2
MX,SP.URB.TOTL.IN.ZS,2016,77.4405087351486,worldbank,2026-09-23,api.worldbank.org v2
MX,SP.URB.TOTL.IN.ZS,2017,77.7206924598541,worldbank,2026-09-23,api.worldbank.org v2
MX,SP.URB.TOTL.IN.ZS,2018,78.0271223924494,worldbank,2026-09-23,api.worldbank.org v2
MX,SP.URB.TOTL.IN.ZS,2019,78.355984332992,worldbank,2026-09-23,api.worldbank.org v2
MX,SP.URB.TOTL.IN.ZS,2020,78.677960602824,worldbank,2026-09-23,api.worldbank.org v2
MX,SP.URB.TOTL.IN.ZS,2021,78.9324007418057,worldbank,2026-09-23,api.worldbank.org v2
MX,SP.URB.TOTL.IN.ZS,2022,79.199683215791,worldbank,2026-09-23,api.worldbank.org v2
MX,SP.URB.TOTL.IN.ZS,2023,79.4734935748046,worldbank,2026-09-23,api.worldbank.org v2
MX,SP.URB.TOTL.IN.ZS,2024,79.7538805976118,worldbank,2026-09-23,api.worldbank.org v2
MX,SP.URB.TOTL.IN.ZS,2025,80.0408930629723,worldbank,2026-09-23,api.worldbank.org v2
SA,EN.POP.DNST,2014,13.1690025073383,worldbank,2026-09-23,api.worldbank.org v2
SA,EN.POP.DNST,2015,13.8700845238151,worldbank,2026-09-23,api.worldbank.org v2
SA,EN.POP.DNST,2016,14.399377584675,worldbank,2026-09-23,api.worldbank.org v2
SA,EN.POP.DNST,2017,14.4101498355577,worldbank,2026-09-23,api.worldbank.org v2
SA,EN.POP.DNST,2018,14.0468072140634,worldbank,2026-09-23,api.worldbank.org v2
SA,EN.POP.DNST,2019,13.9851787932213,worldbank,2026-09-23,api.worldbank.org v2
SA,EN.POP.DNST,2020,14.6777023663877,worldbank,2026-09-23,api.worldbank.org v2
SA,EN.POP.DNST,2021,14.320382473752,worldbank,2026-09-23,api.worldbank.org v2
SA,EN.POP.DNST,2022,14.9673785522564,worldbank,2026-09-23,api.worldbank.org v2
SA,EN.POP.DNST,2023,15.6779493787476,worldbank,2026-09-23,api.worldbank.org v2
SA,IT.CEL.SETS.P2,2014,181.856566741136,worldbank,2026-09-23,api.worldbank.org v2
SA,IT.CEL.SETS.P2,2015,176.134029034522,worldbank,2026-09-23,api.worldbank.org v2
SA,IT.CEL.SETS.P2,2016,156.041476006361,worldbank,2026-09-23,api.worldbank.org v2
SA,IT.CEL.SETS.P2,2017,130.629718239662,worldbank,2026-09-23,api.worldbank.org v2
SA,IT.CEL.SETS.P2,2018,136.046169550913,worldbank,2026-09-23,api.worldbank.org v2
SA,IT.CEL.SETS.P2,2019,135.526154774497,worldbank,2026-09-23,api.worldbank.org v2
SA,IT.CEL.SETS.P2,2020,139.444194606554,worldbank,2026-09-23,api.worldbank.org v2
SA,IT.CEL.SETS.P2,2021,145.003757775499,worldbank,2026-09-23,api.worldbank.org v2
SA,IT.CEL.SETS.P2,2022,149.79788255308,worldbank,2026-09-23,api.worldbank.org v2
SA,IT.CEL.SETS.P2,2023,157.775388696083,worldbank,2026-09-23,api.worldbank.org v2
SA,IT.CEL.SETS.P2,2024,159.541370566589,worldbank,2026-09-23,api.worldbank.org v2
SA,IT.NET.BBND.P2,2015,21.1361804985218,worldbank,2026-09-23,api.worldbank.org v2
SA,IT.NET.BBND.P2,2016,20.82681485606,worldbank,2026-09-23,api.worldbank.org v2
SA,IT.NET.BBND.P2,2017,21.6139435772426,worldbank,2026-09-23,api.worldbank.org v2
SA,IT.NET.BBND.P2,2018,22.4661479201746,worldbank,2026-09-23,api.worldbank.org v2
SA,IT.NET.BBND.P2,2019,22.3213703520821,worldbank,2026-09-23,api.worldbank.org v2
SA,IT.NET.BBND.P2,2020,25.4596763527151,worldbank,2026-09-23,api.worldbank.org v2
SA,IT.NET.BBND.P2,2021,33.7973610185654,worldbank,2026-09-23,api.worldbank.org v2
SA,IT.NET.BBND.P2,2022,41.8230078726101,worldbank,2026-09-23,api.worldbank.org v2
SA,IT.NET.BBND.P2,2023,43.5732045642216,worldbank,2026-09-23,api.worldbank.org v2
SA,IT.NET.BBND.P2,2024,44.0705800179885,worldbank,2026-09-23,api.worldbank.org v2
SA,IT.NET.USER.ZS,2014,64.713657369019,worldbank,2026-09-23,api.worldbank.org v2
SA,IT.NET.USER.ZS,2015,69.6162358014004,worldbank,2026-09-23,api.worldbank.org v2
SA,IT.NET.USER.ZS,2016,74.8792746891625,worldbank,2026-09-23,api.worldbank.org v2
SA,IT.NET.USER.ZS,2017,94.1755996113911,worldbank,2026-09-23,api.worldbank.org v2
SA,IT.NET.USER.ZS,2018,93.3100018480347,worldbank,2026-09-23,api.worldbank.org v2
SA,IT.NET.USER.ZS,2019,95.7247355953812,worldbank,2026-09-23,api.worldbank.org v2
SA,IT.NET.USER.ZS,2020,97.8623325,worldbank,2026-09-23,api.worldbank.org v2
SA,IT.NET.USER.ZS,2021,100.0,worldbank,2026-09-23,api.worldbank.org v2
SA,IT.NET.USER.ZS,2022,100.0,worldbank,2026-09-23,api.worldbank.org v2
SA,IT.NET.USER.ZS,2023,100.0,worldbank,2026-09-23,api.worldbank.org v2
SA,IT.NET.USER.ZS,2024,100.0,worldbank,2026-09-23,api.worldbank.org v2
SA,NY.GDP.MKTP.CD,2014,787153066666.667,worldbank,2026-09-23,api.worldbank.org v2
SA,NY.GDP.MKTP.CD,2015,693414400000.0,worldbank,2026-09-23,api.worldbank.org v2
SA,NY.GDP.MKTP.CD,2016,689279466666.667,worldbank,2026-09-23,api.worldbank.org v2
SA,NY.GDP.MKTP.CD,2017,741266133333.333,worldbank,2026-09-23,api.worldbank.org v2
SA,NY.GDP.MKTP.CD,2018,886564800000.0,worldbank,2026-09-23,api.worldbank.org v2
SA,NY.GDP.MKTP.CD,2019,888890133333.333,worldbank,2026-09-23,api.worldbank.org v2
SA,NY.GDP.MKTP.CD,2020,767951200000.0,worldbank,2026-09-23,api.worldbank.org v2
SA,NY.GDP.MKTP.CD,2021,982661066666.667,worldbank,2026-09-23,api.worldbank.org v2
SA,NY.GDP.MKTP.CD,2022,1239075200000.0,worldbank,2026-09-23,api.worldbank.org v2
SA,NY.GDP.MKTP.CD,2023,1218584800000.0,worldbank,2026-09-23,api.worldbank.org v2
SA,NY.GDP.MKTP.CD,2024,1254140800000.0,worldbank,2026-09-23,api.worldbank.org v2
SA,NY.GDP.MKTP.CD,2025,1276942933333.33,worldbank,2026-09-23,api.worldbank.org v2
SA,NY.GDP.PCAP.CD,2014,27805.4850319422,worldbank,2026-09-23,api.worldbank.org v2
SA,NY.GDP.PCAP.CD,2015,23256.1549553531,worldbank,2026-09-23,api.worldbank.org v2
SA,NY.GDP.PCAP.CD,2016,22267.7217050387,worldbank,2026-09-23,api.worldbank.org v2
SA,NY.GDP.PCAP.CD,2017,23929.2907135982,worldbank,2026-09-23,api.worldbank.org v2
SA,NY.GDP.PCAP.CD,2018,29360.0658968566,worldbank,2026-09-23,api.worldbank.org v2
SA,NY.GDP.PCAP.CD,2019,29566.7933827436,worldbank,2026-09-23,api.worldbank.org v2
SA,NY.GDP.PCAP.CD,2020,24338.8307301067,worldbank,2026-09-23,api.worldbank.org v2
SA,NY.GDP.PCAP.CD,2021,31920.7653655643,worldbank,2026-09-23,api.worldbank.org v2
SA,NY.GDP.PCAP.CD,2022,38510.2276211037,worldbank,2026-09-23,api.worldbank.org v2
SA,NY.GDP.PCAP.CD,2023,36156.8562500172,worldbank,2026-09-23,api.worldbank.org v2
SA,NY.GDP.PCAP.CD,2024,35527.786181866,worldbank,2026-09-23,api.worldbank.org v2
SA,NY.GDP.PCAP.CD,2025,34536.6555456551,worldbank,2026-09-23,api.worldbank.org v2
SA,NY.GDP.PCAP.PP.CD,2014,62578.0708415156,worldbank,2026-09-23,api.worldbank.org v2
SA,NY.GDP.PCAP.PP.CD,2015,53930.8273872622,worldbank,2026-09-23,api.worldbank.org v2
SA,NY.GDP.PCAP.PP.CD,2016,49937.0668103808,worldbank,2026-09-23,api.worldbank.org v2
SA,NY.GDP.PCAP.PP.CD,2017,53120.4572456269,worldbank,2026-09-23,api.worldbank.org v2
SA,NY.GDP.PCAP.PP.CD,2018,59377.8025368768,worldbank,2026-09-23,api.worldbank.org v2
SA,NY.GDP.PCAP.PP.CD,2019,59560.2537904546,worldbank,2026-09-23,api.worldbank.org v2
SA,NY.GDP.PCAP.PP.CD,2020,47518.4877485153,worldbank,2026-09-23,api.worldbank.org v2
SA,NY.GDP.PCAP.PP.CD,2021,62690.4966645929,worldbank,2026-09-23,api.worldbank.org v2
SA,NY.GDP.PCAP.PP.CD,2022,71956.6694296826,worldbank,2026-09-23,api.worldbank.org v2
SA,NY.GDP.PCAP.PP.CD,2023,71623.785419098,worldbank,2026-09-23,api.worldbank.org v2
SA,NY.GDP.PCAP.PP.CD,2024,71936.2510663399,worldbank,2026-09-23,api.worldbank.org v2
SA,NY.GDP.PCAP.PP.CD,2025,73783.5613906833,worldbank,2026-09-23,api.worldbank.org v2
SA,SP.POP.TOTL,2014,28309273.0,worldbank,2026-09-23,api.worldbank.org v2
SA,SP.POP.TOTL,2015,29816382.0,worldbank,2026-09-23,api.worldbank.org v2
SA,SP.POP.TOTL,2016,30954198.0,worldbank,2026-09-23,api.worldbank.org v2
SA,SP.POP.TOTL,2017,30977355.0,worldbank,2026-09-23,api.worldbank.org v2
SA,SP.POP.TOTL,2018,30196281.0,worldbank,2026-09-23,api.worldbank.org v2
SA,SP.POP.TOTL,2019,30063799.0,worldbank,2026-09-23,api.worldbank.org v2
SA,SP.POP.TOTL,2020,31552510.0,worldbank,2026-09-23,api.worldbank.org v2
SA,SP.POP.TOTL,2021,30784383.0,worldbank,2026-09-23,api.worldbank.org v2
SA,SP.POP.TOTL,2022,32175224.0,worldbank,2026-09-23,api.worldbank.org v2
SA,SP.POP.TOTL,2023,33702731.0,worldbank,2026-09-23,api.worldbank.org v2
SA,SP.POP.TOTL,2024,35300280.0,worldbank,2026-09-23,api.worldbank.org v2
SA,SP.POP.TOTL,2025,36973555.0,worldbank,2026-09-23,api.worldbank.org v2
SA,SP.URB.TOTL.IN.ZS,2014,82.7822571294871,worldbank,2026-09-23,api.worldbank.org v2
SA,SP.URB.TOTL.IN.ZS,2015,82.9562773406163,worldbank,2026-09-23,api.worldbank.org v2
SA,SP.URB.TOTL.IN.ZS,2016,83.129128630626,worldbank,2026-09-23,api.worldbank.org v2
SA,SP.URB.TOTL.IN.ZS,2017,83.300690534822,worldbank,2026-09-23,api.worldbank.org v2
SA,SP.URB.TOTL.IN.ZS,2018,83.4708425884849,worldbank,2026-09-23,api.worldbank.org v2
SA,SP.URB.TOTL.IN.ZS,2019,83.6394643268678,worldbank,2026-09-23,api.worldbank.org v2
SA,SP.URB.TOTL.IN.ZS,2020,83.8064352851942,worldbank,2026-09-23,api.worldbank.org v2
SA,SP.URB.TOTL.IN.ZS,2021,83.9716349986538,worldbank,2026-09-23,api.worldbank.org v2
SA,SP.URB.TOTL.IN.ZS,2022,84.1349430023993,worldbank,2026-09-23,api.worldbank.org v2
SA,SP.URB.TOTL.IN.ZS,2023,84.2962388315415,worldbank,2026-09-23,api.worldbank.org v2
SA,SP.URB.TOTL.IN.ZS,2024,84.4554020211443,worldbank,2026-09-23,api.worldbank.org v2
SA,SP.URB.TOTL.IN.ZS,2025,84.6123121062185,worldbank,2026-09-23,api.worldbank.org v2
TR,EN.POP.DNST,2014,100.284401595572,worldbank,2026-09-23,api.worldbank.org v2
TR,EN.POP.DNST,2015,101.631276067721,worldbank,2026-09-23,api.worldbank.org v2
TR,EN.POP.DNST,2016,103.007889505347,worldbank,2026-09-23,api.worldbank.org v2
TR,EN.POP.DNST,2017,104.352348531112,worldbank,2026-09-23,api.worldbank.org v2
TR,EN.POP.DNST,2018,105.774468250978,worldbank,2026-09-23,api.worldbank.org v2
TR,EN.POP.DNST,2019,107.297584553617,worldbank,2026-09-23,api.worldbank.org v2
TR,EN.POP.DNST,2020,108.343853540013,worldbank,2026-09-23,api.worldbank.org v2
TR,EN.POP.DNST,2021,109.334768655068,worldbank,2026-09-23,api.worldbank.org v2
TR,EN.POP.DNST,2022,110.416580694619,worldbank,2026-09-23,api.worldbank.org v2
TR,EN.POP.DNST,2023,110.866214934449,worldbank,2026-09-23,api.worldbank.org v2
TR,IT.CEL.SETS.P2,2014,92.1219361989572,worldbank,2026-09-23,api.worldbank.org v2
TR,IT.CEL.SETS.P2,2015,92.0327105332494,worldbank,2026-09-23,api.worldbank.org v2
TR,IT.CEL.SETS.P2,2016,91.9286950751339,worldbank,2026-09-23,api.worldbank.org v2
TR,IT.CEL.SETS.P2,2017,93.6407569517097,worldbank,2026-09-23,api.worldbank.org v2
TR,IT.CEL.SETS.P2,2018,94.9085818111026,worldbank,2026-09-23,api.worldbank.org v2
TR,IT.CEL.SETS.P2,2019,94.6498130829997,worldbank,2026-09-23,api.worldbank.org v2
TR,IT.CEL.SETS.P2,2020,95.3960853737199,worldbank,2026-09-23,api.worldbank.org v2
TR,IT.CEL.SETS.P2,2021,99.5415432248525,worldbank,2026-09-23,api.worldbank.org v2
TR,IT.CEL.SETS.P2,2022,103.720593629066,worldbank,2026-09-23,api.worldbank.org v2
TR,IT.CEL.SETS.P2,2023,105.684032912794,worldbank,2026-09-23,api.worldbank.org v2
TR,IT.CEL.SETS.P2,2024,107.826875714392,worldbank,2026-09-23,api.worldbank.org v2
TR,IT.NET.BBND.P2,2014,11.3618631179594,worldbank,2026-09-23,api.worldbank.org v2
TR,IT.NET.BBND.P2,2015,11.8786301825878,worldbank,2026-09-23,api.worldbank.org v2
TR,IT.NET.BBND.P2,2016,12.859061240418,worldbank,2026-09-23,api.worldbank.org v2
TR,IT.NET.BBND.P2,2017,14.3528880563786,worldbank,2026-09-23,api.worldbank.org v2
TR,IT.NET.BBND.P2,2018,15.8823338271459,worldbank,2026-09-23,api.worldbank.org v2
TR,IT.NET.BBND.P2,2019,16.6733436685105,worldbank,2026-09-23,api.worldbank.org v2
TR,IT.NET.BBND.P2,2020,19.4384064376386,worldbank,2026-09-23,api.worldbank.org v2
TR,IT.NET.BBND.P2,2021,20.9211211378579,worldbank,2026-09-23,api.worldbank.org v2
TR,IT.NET.BBND.P2,2022,21.8230372591075,worldbank,2026-09-23,api.worldbank.org v2
TR,IT.NET.BBND.P2,2023,22.4591697943845,worldbank,2026-09-23,api.worldbank.org v2
TR,IT.NET.BBND.P2,2024,23.4317347919186,worldbank,2026-09-23,api.worldbank.org v2
TR,IT.NET.USER.ZS,2014,51.0373665521645,worldbank,2026-09-23,api.worldbank.org v2
TR,IT.NET.USER.ZS,2015,53.7449791423583,worldbank,2026-09-23,api.worldbank.org v2
TR,IT.NET.USER.ZS,2016,58.3477340145685,worldbank,2026-09-23,api.worldbank.org v2
TR,IT.NET.USER.ZS,2017,64.6846176835371,worldbank,2026-09-23,api.worldbank.org v2
TR,IT.NET.USER.ZS,2018,71.0427608433809,worldbank,2026-09-23,api.worldbank.org v2
TR,IT.NET.USER.ZS,2019,73.9767022871511,worldbank,2026-09-23,api.worldbank.org v2
TR,IT.NET.USER.ZS,2020,77.6695605,worldbank,2026-09-23,api.worldbank.org v2
TR,IT.NET.USER.ZS,2021,81.40843745,worldbank,2026-09-23,api.worldbank.org v2
TR,IT.NET.USER.ZS,2022,83.43716576,worldbank,2026-09-23,api.worldbank.org v2
TR,IT.NET.USER.ZS,2023,85.96074155,worldbank,2026-09-23,api.worldbank.org v2
TR,IT.NET.USER.ZS,2024,87.3078767,worldbank,2026-09-23,api.worldbank.org v2
TR,IT.NET.USER.ZS,2025,89.77024003,worldbank,2026-09-23,api.worldbank.org v2
TR,NY.GDP.MKTP.CD,2014,942343431928.654,worldbank,2026-09-23,api.worldbank.org v2
TR,NY.GDP.MKTP.CD,2015,865460050683.656,worldbank,2026-09-23,api.worldbank.org v2
TR,NY.GDP.MKTP.CD,2016,870818016909.84,worldbank,2026-09-23,api.worldbank.org v2
TR,NY.GDP.MKTP.CD,2017,863874522365.276,worldbank,2026-09-23,api.worldbank.org v2
TR,NY.GDP.MKTP.CD,2018,788356985773.667,worldbank,2026-09-23,api.worldbank.org v2
TR,NY.GDP.MKTP.CD,2019,775853144222.613,worldbank,2026-09-23,api.worldbank.org v2
TR,NY.GDP.MKTP.CD,2020,733628247119.077,worldbank,2026-09-23,api.worldbank.org v2
TR,NY.GDP.MKTP.CD,2021,839938668172.134,worldbank,2026-09-23,api.worldbank.org v2
TR,NY.GDP.MKTP.CD,2022,926097476913.818,worldbank,2026-09-23,api.worldbank.org v2
TR,NY.GDP.MKTP.CD,2023,1141242864657.45,worldbank,2026-09-23,api.worldbank.org v2
TR,NY.GDP.MKTP.CD,2024,1359123768774.12,worldbank,2026-09-23,api.worldbank.org v2
TR,NY.GDP.MKTP.CD,2025,1597293229287.0,worldbank,2026-09-23,api.worldbank.org v2
TR,NY.GDP.PCAP.CD,2014,12209.3862327674,worldbank,2026-09-23,api.worldbank.org v2
TR,NY.GDP.PCAP.CD,2015,11064.6494504662,worldbank,2026-09-23,api.worldbank.org v2
TR,NY.GDP.PCAP.CD,2016,10984.3643169061,worldbank,2026-09-23,api.worldbank.org v2
TR,NY.GDP.PCAP.CD,2017,10756.3877677883,worldbank,2026-09-23,api.worldbank.org v2
TR,NY.GDP.PCAP.CD,2018,9684.11819884721,worldbank,2026-09-23,api.worldbank.org v2
TR,NY.GDP.PCAP.CD,2019,9395.23378001368,worldbank,2026-09-23,api.worldbank.org v2
TR,NY.GDP.PCAP.CD,2020,8798.11791709313,worldbank,2026-09-23,api.worldbank.org v2
TR,NY.GDP.PCAP.CD,2021,9981.76398411336,worldbank,2026-09-23,api.worldbank.org v2
TR,NY.GDP.PCAP.CD,2022,10897.8397861365,worldbank,2026-09-23,api.worldbank.org v2
TR,NY.GDP.PCAP.CD,2023,13375.0947282864,worldbank,2026-09-23,api.worldbank.org v2
TR,NY.GDP.PCAP.CD,2024,15892.7157287241,worldbank,2026-09-23,api.worldbank.org v2
TR,NY.GDP.PCAP.CD,2025,18599.4420922378,worldbank,2026-09-23,api.worldbank.org v2
TR,NY.GDP.PCAP.PP.CD,2014,24192.537613837,worldbank,2026-09-23,api.worldbank.org v2
TR,NY.GDP.PCAP.PP.CD,2015,25896.983315375,worldbank,2026-09-23,api.worldbank.org v2
TR,NY.GDP.PCAP.PP.CD,2016,26730.7599731835,worldbank,2026-09-23,api.worldbank.org v2
TR,NY.GDP.PCAP.PP.CD,2017,28353.5406410966,worldbank,2026-09-23,api.worldbank.org v2
TR,NY.GDP.PCAP.PP.CD,2018,28640.3401839802,worldbank,2026-09-23,api.worldbank.org v2
TR,NY.GDP.PCAP.PP.CD,2019,29016.4555653445,worldbank,2026-09-23,api.worldbank.org v2
TR,NY.GDP.PCAP.PP.CD,2020,29209.3308866883,worldbank,2026-09-23,api.worldbank.org v2
TR,NY.GDP.PCAP.PP.CD,2021,32105.5474400506,worldbank,2026-09-23,api.worldbank.org v2
TR,NY.GDP.PCAP.PP.CD,2022,39919.1608756567,worldbank,2026-09-23,api.worldbank.org v2
TR,NY.GDP.PCAP.PP.CD,2023,43196.3381254367,worldbank,2026-09-23,api.worldbank.org v2
TR,NY.GDP.PCAP.PP.CD,2024,45122.9317187258,worldbank,2026-09-23,api.worldbank.org v2
TR,NY.GDP.PCAP.PP.CD,2025,45288.4750285273,worldbank,2026-09-23,api.worldbank.org v2
TR,SP.POP.TOTL,2014,77181884.0,worldbank,2026-09-23,api.worldbank.org v2
TR,SP.POP.TOTL,2015,78218479.0,worldbank,2026-09-23,api.worldbank.org v2
TR,SP.POP.TOTL,2016,79277962.0,worldbank,2026-09-23,api.worldbank.org v2
TR,SP.POP.TOTL,2017,80312698.0,worldbank,2026-09-23,api.worldbank.org v2
TR,SP.POP.TOTL,2018,81407204.0,worldbank,2026-09-23,api.worldbank.org v2
TR,SP.POP.TOTL,2019,82579440.0,worldbank,2026-09-23,api.worldbank.org v2
TR,SP.POP.TOTL,2020,83384680.0,worldbank,2026-09-23,api.worldbank.org v2
TR,SP.POP.TOTL,2021,84147318.0,worldbank,2026-09-23,api.worldbank.org v2
TR,SP.POP.TOTL,2022,84979913.0,worldbank,2026-09-23,api.worldbank.org v2
TR,SP.POP.TOTL,2023,85325965.0,worldbank,2026-09-23,api.worldbank.org v2
TR,SP.POP.TOTL,2024,85518661.0,worldbank,2026-09-23,api.worldbank.org v2
TR,SP.POP.TOTL,2025,85878556.0,worldbank,2026-09-23,api.worldbank.org v2
TR,SP.URB.TOTL.IN.ZS,2014,83.6024850744433,worldbank,2026-09-23,api.worldbank.org v2
TR,SP.URB.TOTL.IN.ZS,2015,87.2167107972537,worldbank,2026-09-23,api.worldbank.org v2
TR,SP.URB.TOTL.IN.ZS,2016,88.1020958581776,worldbank,2026-09-23,api.worldbank.org v2
TR,SP.URB.TOTL.IN.ZS,2017,88.0320472717286,worldbank,2026-09-23,api.worldbank.org v2
TR,SP.URB.TOTL.IN.ZS,2018,88.1655749576173,worldbank,2026-09-23,api.worldbank.org v2
TR,SP.URB.TOTL.IN.ZS,2019,88.6618152857124,worldbank,2026-09-23,api.worldbank.org v2
TR,SP.URB.TOTL.IN.ZS,2020,88.9303114965222,worldbank,2026-09-23,api.worldbank.org v2
TR,SP.URB.TOTL.IN.ZS,2021,89.1762048153239,worldbank,2026-09-23,api.worldbank.org v2
TR,SP.URB.TOTL.IN.ZS,2022,89.0381164550781,worldbank,2026-09-23,api.worldbank.org v2
TR,SP.URB.TOTL.IN.ZS,2023,89.0218446796121,worldbank,2026-09-23,api.worldbank.org v2
TR,SP.URB.TOTL.IN.ZS,2024,89.3443122873887,worldbank,2026-09-23,api.worldbank.org v2
TR,SP.URB.TOTL.IN.ZS,2025,89.494060002186,worldbank,2026-09-23,api.worldbank.org v2
US,EN.POP.DNST,2014,34.9013776562134,worldbank,2026-09-23,api.worldbank.org v2
US,EN.POP.DNST,2015,35.1809713558577,worldbank,2026-09-23,api.worldbank.org v2
US,EN.POP.DNST,2016,35.4584505795077,worldbank,2026-09-23,api.worldbank.org v2
US,EN.POP.DNST,2017,35.7049975840182,worldbank,2026-09-23,api.worldbank.org v2
US,EN.POP.DNST,2018,35.9149986553586,worldbank,2026-09-23,api.worldbank.org v2
US,EN.POP.DNST,2019,36.1004771837305,worldbank,2026-09-23,api.worldbank.org v2
US,EN.POP.DNST,2020,36.2482649752608,worldbank,2026-09-23,api.worldbank.org v2
US,EN.POP.DNST,2021,36.3053370239915,worldbank,2026-09-23,api.worldbank.org v2
US,EN.POP.DNST,2022,36.5126236687503,worldbank,2026-09-23,api.worldbank.org v2
US,EN.POP.DNST,2023,36.8142112202129,worldbank,2026-09-23,api.worldbank.org v2
US,IT.CEL.SETS.P2,2014,99.839569071329,worldbank,2026-09-23,api.worldbank.org v2
US,IT.CEL.SETS.P2,2015,101.831958781319,worldbank,2026-09-23,api.worldbank.org v2
US,IT.CEL.SETS.P2,2016,102.751864866695,worldbank,2026-09-23,api.worldbank.org v2
US,IT.CEL.SETS.P2,2017,102.380562632686,worldbank,2026-09-23,api.worldbank.org v2
US,IT.CEL.SETS.P2,2018,103.935307364,worldbank,2026-09-23,api.worldbank.org v2
US,IT.CEL.SETS.P2,2019,105.32074052965,worldbank,2026-09-23,api.worldbank.org v2
US,IT.CEL.SETS.P2,2020,103.855170008567,worldbank,2026-09-23,api.worldbank.org v2
US,IT.CEL.SETS.P2,2021,106.324514306135,worldbank,2026-09-23,api.worldbank.org v2
US,IT.CEL.SETS.P2,2022,108.785640656159,worldbank,2026-09-23,api.worldbank.org v2
US,IT.CEL.SETS.P2,2023,112.410910606372,worldbank,2026-09-23,api.worldbank.org v2
US,IT.CEL.SETS.P2,2024,113.190481805755,worldbank,2026-09-23,api.worldbank.org v2
US,IT.NET.BBND.P2,2014,30.270920842,worldbank,2026-09-23,api.worldbank.org v2
US,IT.NET.BBND.P2,2015,31.3412129772455,worldbank,2026-09-23,api.worldbank.org v2
US,IT.NET.BBND.P2,2016,32.1144006365866,worldbank,2026-09-23,api.worldbank.org v2
US,IT.NET.BBND.P2,2017,32.5702836317829,worldbank,2026-09-23,api.worldbank.org v2
US,IT.NET.BBND.P2,2018,33.0559177307939,worldbank,2026-09-23,api.worldbank.org v2
US,IT.NET.BBND.P2,2019,33.835216356436,worldbank,2026-09-23,api.worldbank.org v2
US,IT.NET.BBND.P2,2020,35.7156999293054,worldbank,2026-09-23,api.worldbank.org v2
US,IT.NET.BBND.P2,2021,37.0074278936277,worldbank,2026-09-23,api.worldbank.org v2
US,IT.NET.BBND.P2,2022,37.4887954801437,worldbank,2026-09-23,api.worldbank.org v2
US,IT.NET.BBND.P2,2023,38.0939254696383,worldbank,2026-09-23,api.worldbank.org v2
US,IT.NET.BBND.P2,2024,38.8571729185246,worldbank,2026-09-23,api.worldbank.org v2
US,IT.NET.USER.ZS,2014,73.0,worldbank,2026-09-23,api.worldbank.org v2
US,IT.NET.USER.ZS,2015,74.5542024462761,worldbank,2026-09-23,api.worldbank.org v2
US,IT.NET.USER.ZS,2016,85.5444212887222,worldbank,2026-09-23,api.worldbank.org v2
US,IT.NET.USER.ZS,2017,87.2748891687657,worldbank,2026-09-23,api.worldbank.org v2
US,IT.NET.USER.ZS,2018,88.498903165152,worldbank,2026-09-23,api.worldbank.org v2
US,IT.NET.USER.ZS,2019,89.4302848575712,worldbank,2026-09-23,api.worldbank.org v2
US,IT.NET.USER.ZS,2020,90.34470367,worldbank,2026-09-23,api.worldbank.org v2
US,IT.NET.USER.ZS,2021,91.2684021,worldbank,2026-09-23,api.worldbank.org v2
US,IT.NET.USER.ZS,2022,92.72850037,worldbank,2026-09-23,api.worldbank.org v2
US,IT.NET.USER.ZS,2023,93.52559662,worldbank,2026-09-23,api.worldbank.org v2
US,IT.NET.USER.ZS,2024,94.69380188,worldbank,2026-09-23,api.worldbank.org v2
US,NY.GDP.MKTP.CD,2014,17608138000000.0,worldbank,2026-09-23,api.worldbank.org v2
US,NY.GDP.MKTP.CD,2015,18295019000000.0,worldbank,2026-09-23,api.worldbank.org v2
US,NY.GDP.MKTP.CD,2016,18804913000000.0,worldbank,2026-09-23,api.worldbank.org v2
US,NY.GDP.MKTP.CD,2017,19612102000000.0,worldbank,2026-09-23,api.worldbank.org v2
US,NY.GDP.MKTP.CD,2018,20656516000000.0,worldbank,2026-09-23,api.worldbank.org v2
US,NY.GDP.MKTP.CD,2019,21539982000000.0,worldbank,2026-09-23,api.worldbank.org v2
US,NY.GDP.MKTP.CD,2020,21375281000000.0,worldbank,2026-09-23,api.worldbank.org v2
US,NY.GDP.MKTP.CD,2021,23725645000000.0,worldbank,2026-09-23,api.worldbank.org v2
US,NY.GDP.MKTP.CD,2022,26054614000000.0,worldbank,2026-09-23,api.worldbank.org v2
US,NY.GDP.MKTP.CD,2023,27811517000000.0,worldbank,2026-09-23,api.worldbank.org v2
US,NY.GDP.MKTP.CD,2024,29298013000000.0,worldbank,2026-09-23,api.worldbank.org v2
US,NY.GDP.MKTP.CD,2025,30769700000000.0,worldbank,2026-09-23,api.worldbank.org v2
US,NY.GDP.PCAP.CD,2014,55153.3940182967,worldbank,2026-09-23,api.worldbank.org v2
US,NY.GDP.PCAP.CD,2015,56849.4697923159,worldbank,2026-09-23,api.worldbank.org v2
US,NY.GDP.PCAP.CD,2016,57976.628204291,worldbank,2026-09-23,api.worldbank.org v2
US,NY.GDP.PCAP.CD,2017,60047.7190728307,worldbank,2026-09-23,api.worldbank.org v2
US,NY.GDP.PCAP.CD,2018,62875.6661382728,worldbank,2026-09-23,api.worldbank.org v2
US,NY.GDP.PCAP.CD,2019,65227.9565911038,worldbank,2026-09-23,api.worldbank.org v2
US,NY.GDP.PCAP.CD,2020,64465.2971415748,worldbank,2026-09-23,api.worldbank.org v2
US,NY.GDP.PCAP.CD,2021,71441.2319805947,worldbank,2026-09-23,api.worldbank.org v2
US,NY.GDP.PCAP.CD,2022,78008.6895811877,worldbank,2026-09-23,api.worldbank.org v2
US,NY.GDP.PCAP.CD,2023,82586.7847707894,worldbank,2026-09-23,api.worldbank.org v2
US,NY.GDP.PCAP.CD,2024,86169.6641581917,worldbank,2026-09-23,api.worldbank.org v2
US,NY.GDP.PCAP.CD,2025,90026.5163005744,worldbank,2026-09-23,api.worldbank.org v2
US,NY.GDP.PCAP.PP.CD,2014,55153.3940182967,worldbank,2026-09-23,api.worldbank.org v2
US,NY.GDP.PCAP.PP.CD,2015,56849.4697923159,worldbank,2026-09-23,api.worldbank.org v2
US,NY.GDP.PCAP.PP.CD,2016,57976.628204291,worldbank,2026-09-23,api.worldbank.org v2
US,NY.GDP.PCAP.PP.CD,2017,60047.7190728307,worldbank,2026-09-23,api.worldbank.org v2
US,NY.GDP.PCAP.PP.CD,2018,62875.6661382728,worldbank,2026-09-23,api.worldbank.org v2
US,NY.GDP.PCAP.PP.CD,2019,65227.9565911038,worldbank,2026-09-23,api.worldbank.org v2
US,NY.GDP.PCAP.PP.CD,2020,64465.2971415748,worldbank,2026-09-23,api.worldbank.org v2
US,NY.GDP.PCAP.PP.CD,2021,71441.231980595,worldbank,2026-09-23,api.worldbank.org v2
US,NY.GDP.PCAP.PP.CD,2022,78008.6895811877,worldbank,2026-09-23,api.worldbank.org v2
US,NY.GDP.PCAP.PP.CD,2023,82586.7847707891,worldbank,2026-09-23,api.worldbank.org v2
US,NY.GDP.PCAP.PP.CD,2024,86169.6641581914,worldbank,2026-09-23,api.worldbank.org v2
US,NY.GDP.PCAP.PP.CD,2025,90026.5163005744,worldbank,2026-09-23,api.worldbank.org v2
US,SP.POP.TOTL,2014,319257560.0,worldbank,2026-09-23,api.worldbank.org v2
US,SP.POP.TOTL,2015,321815121.0,worldbank,2026-09-23,api.worldbank.org v2
US,SP.POP.TOTL,2016,324353340.0,worldbank,2026-09-23,api.worldbank.org v2
US,SP.POP.TOTL,2017,326608609.0,worldbank,2026-09-23,api.worldbank.org v2
US,SP.POP.TOTL,2018,328529577.0,worldbank,2026-09-23,api.worldbank.org v2
US,SP.POP.TOTL,2019,330226227.0,worldbank,2026-09-23,api.worldbank.org v2
US,SP.POP.TOTL,2020,331578104.0,worldbank,2026-09-23,api.worldbank.org v2
US,SP.POP.TOTL,2021,332100166.0,worldbank,2026-09-23,api.worldbank.org v2
US,SP.POP.TOTL,2022,333996304.0,worldbank,2026-09-23,api.worldbank.org v2
US,SP.POP.TOTL,2023,336755052.0,worldbank,2026-09-23,api.worldbank.org v2
US,SP.POP.TOTL,2024,340003797.0,worldbank,2026-09-23,api.worldbank.org v2
US,SP.POP.TOTL,2025,341784857.0,worldbank,2026-09-23,api.worldbank.org v2
US,SP.URB.TOTL.IN.ZS,2014,80.6242231779766,worldbank,2026-09-23,api.worldbank.org v2
US,SP.URB.TOTL.IN.ZS,2015,80.5707989535091,worldbank,2026-09-23,api.worldbank.org v2
US,SP.URB.TOTL.IN.ZS,2016,80.4976645324131,worldbank,2026-09-23,api.worldbank.org v2
US,SP.URB.TOTL.IN.ZS,2017,80.4018678392891,worldbank,2026-09-23,api.worldbank.org v2
US,SP.URB.TOTL.IN.ZS,2018,80.2804567987377,worldbank,2026-09-23,api.worldbank.org v2
US,SP.URB.TOTL.IN.ZS,2019,80.1304793353594,worldbank,2026-09-23,api.worldbank.org v2
US,SP.URB.TOTL.IN.ZS,2020,79.997451762548,worldbank,2026-09-23,api.worldbank.org v2
US,SP.URB.TOTL.IN.ZS,2021,80.0074765140272,worldbank,2026-09-23,api.worldbank.org v2
US,SP.URB.TOTL.IN.ZS,2022,80.0324978239707,worldbank,2026-09-23,api.worldbank.org v2
US,SP.URB.TOTL.IN.ZS,2023,80.071561119178,worldbank,2026-09-23,api.worldbank.org v2
US,SP.URB.TOTL.IN.ZS,2024,80.1247798047184,worldbank,2026-09-23,api.worldbank.org v2
US,SP.URB.TOTL.IN.ZS,2025,80.1921733027869,worldbank,2026-09-23,api.worldbank.org v2
ZA,EN.POP.DNST,2014,45.8291124318888,worldbank,2026-09-23,api.worldbank.org v2
ZA,EN.POP.DNST,2015,46.7595454582925,worldbank,2026-09-23,api.worldbank.org v2
ZA,EN.POP.DNST,2016,47.2014038529705,worldbank,2026-09-23,api.worldbank.org v2
ZA,EN.POP.DNST,2017,47.5110354549127,worldbank,2026-09-23,api.worldbank.org v2
ZA,EN.POP.DNST,2018,48.3171083761304,worldbank,2026-09-23,api.worldbank.org v2
ZA,EN.POP.DNST,2019,49.1207453692636,worldbank,2026-09-23,api.worldbank.org v2
ZA,EN.POP.DNST,2020,49.9240625180325,worldbank,2026-09-23,api.worldbank.org v2
ZA,EN.POP.DNST,2021,50.6991261983859,worldbank,2026-09-23,api.worldbank.org v2
ZA,EN.POP.DNST,2022,51.4210899438624,worldbank,2026-09-23,api.worldbank.org v2
ZA,EN.POP.DNST,2023,52.1085690262058,worldbank,2026-09-23,api.worldbank.org v2
ZA,IT.CEL.SETS.P2,2014,142.60448245213,worldbank,2026-09-23,api.worldbank.org v2
ZA,IT.CEL.SETS.P2,2015,155.137526067883,worldbank,2026-09-23,api.worldbank.org v2
ZA,IT.CEL.SETS.P2,2016,143.92861725374,worldbank,2026-09-23,api.worldbank.org v2
ZA,IT.CEL.SETS.P2,2017,153.547950468153,worldbank,2026-09-23,api.worldbank.org v2
ZA,IT.CEL.SETS.P2,2018,157.691905248121,worldbank,2026-09-23,api.worldbank.org v2
ZA,IT.CEL.SETS.P2,2019,162.73854828041,worldbank,2026-09-23,api.worldbank.org v2
ZA,IT.CEL.SETS.P2,2020,158.447269436121,worldbank,2026-09-23,api.worldbank.org v2
ZA,IT.CEL.SETS.P2,2021,163.12806305125,worldbank,2026-09-23,api.worldbank.org v2
ZA,IT.CEL.SETS.P2,2022,160.728511675754,worldbank,2026-09-23,api.worldbank.org v2
ZA,IT.CEL.SETS.P2,2023,171.508619260428,worldbank,2026-09-23,api.worldbank.org v2
ZA,IT.CEL.SETS.P2,2024,179.336329840585,worldbank,2026-09-23,api.worldbank.org v2
ZA,IT.NET.BBND.P2,2014,3.06919322257941,worldbank,2026-09-23,api.worldbank.org v2
ZA,IT.NET.BBND.P2,2015,2.48458942184794,worldbank,2026-09-23,api.worldbank.org v2
ZA,IT.NET.BBND.P2,2016,2.00974331775672,worldbank,2026-09-23,api.worldbank.org v2
ZA,IT.NET.BBND.P2,2017,1.94879126044618,worldbank,2026-09-23,api.worldbank.org v2
ZA,IT.NET.BBND.P2,2018,1.88868165955195,worldbank,2026-09-23,api.worldbank.org v2
ZA,IT.NET.BBND.P2,2019,2.09833928490665,worldbank,2026-09-23,api.worldbank.org v2
ZA,IT.NET.BBND.P2,2020,2.15159473337087,worldbank,2026-09-23,api.worldbank.org v2
ZA,IT.NET.BBND.P2,2021,2.75540858002384,worldbank,2026-09-23,api.worldbank.org v2
ZA,IT.NET.BBND.P2,2022,3.12297476001713,worldbank,2026-09-23,api.worldbank.org v2
ZA,IT.NET.BBND.P2,2023,3.4056617766544,worldbank,2026-09-23,api.worldbank.org v2
ZA,IT.NET.BBND.P2,2024,5.34791194620067,worldbank,2026-09-23,api.worldbank.org v2
ZA,IT.NET.USER.ZS,2014,49.0,worldbank,2026-09-23,api.worldbank.org v2
ZA,IT.NET.USER.ZS,2015,51.91910172,worldbank,2026-09-23,api.worldbank.org v2
ZA,IT.NET.USER.ZS,2016,54.0,worldbank,2026-09-23,api.worldbank.org v2
ZA,IT.NET.USER.ZS,2017,56.16740036,worldbank,2026-09-23,api.worldbank.org v2
ZA,IT.NET.USER.ZS,2018,62.40000153,worldbank,2026-09-23,api.worldbank.org v2
ZA,IT.NET.USER.ZS,2019,69.69689941,worldbank,2026-09-23,api.worldbank.org v2
ZA,IT.NET.USER.ZS,2020,72.1128006,worldbank,2026-09-23,api.worldbank.org v2
ZA,IT.NET.USER.ZS,2021,74.96859741,worldbank,2026-09-23,api.worldbank.org v2
ZA,IT.NET.USER.ZS,2022,78.29319763,worldbank,2026-09-23,api.worldbank.org v2
ZA,IT.NET.USER.ZS,2023,78.33670044,worldbank,2026-09-23,api.worldbank.org v2
ZA,IT.NET.USER.ZS,2024,78.35759735,worldbank,2026-09-23,api.worldbank.org v2
ZA,NY.GDP.MKTP.CD,2014,381198869776.106,worldbank,2026-09-23,api.worldbank.org v2
ZA,NY.GDP.MKTP.CD,2015,346709790458.563,worldbank,2026-09-23,api.worldbank.org v2
ZA,NY.GDP.MKTP.CD,2016,323585509674.481,worldbank,2026-09-23,api.worldbank.org v2
ZA,NY.GDP.MKTP.CD,2017,381448814653.456,worldbank,2026-09-23,api.worldbank.org v2
ZA,NY.GDP.MKTP.CD,2018,405260723892.517,worldbank,2026-09-23,api.worldbank.org v2
ZA,NY.GDP.MKTP.CD,2019,389330032224.269,worldbank,2026-09-23,api.worldbank.org v2
ZA,NY.GDP.MKTP.CD,2020,337974655408.055,worldbank,2026-09-23,api.worldbank.org v2
ZA,NY.GDP.MKTP.CD,2021,419986284375.368,worldbank,2026-09-23,api.worldbank.org v2
ZA,NY.GDP.MKTP.CD,2022,407596043067.885,worldbank,2026-09-23,api.worldbank.org v2
ZA,NY.GDP.MKTP.CD,2023,381440724491.232,worldbank,2026-09-23,api.worldbank.org v2
ZA,NY.GDP.MKTP.CD,2024,401144998373.585,worldbank,2026-09-23,api.worldbank.org v2
ZA,NY.GDP.MKTP.CD,2025,427184325997.307,worldbank,2026-09-23,api.worldbank.org v2
ZA,NY.GDP.PCAP.CD,2014,6856.73137092522,worldbank,2026-09-23,api.worldbank.org v2
ZA,NY.GDP.PCAP.CD,2015,6112.27382485974,worldbank,2026-09-23,api.worldbank.org v2
ZA,NY.GDP.PCAP.CD,2016,5651.20585165749,worldbank,2026-09-23,api.worldbank.org v2
ZA,NY.GDP.PCAP.CD,2017,6618.33508255701,worldbank,2026-09-23,api.worldbank.org v2
ZA,NY.GDP.PCAP.CD,2018,6914.1780318076,worldbank,2026-09-23,api.worldbank.org v2
ZA,NY.GDP.PCAP.CD,2019,6533.71121032856,worldbank,2026-09-23,api.worldbank.org v2
ZA,NY.GDP.PCAP.CD,2020,5580.60383075189,worldbank,2026-09-23,api.worldbank.org v2
ZA,NY.GDP.PCAP.CD,2021,6828.75624590017,worldbank,2026-09-23,api.worldbank.org v2
ZA,NY.GDP.PCAP.CD,2022,6534.24867783397,worldbank,2026-09-23,api.worldbank.org v2
ZA,NY.GDP.PCAP.CD,2023,6034.27208964673,worldbank,2026-09-23,api.worldbank.org v2
ZA,NY.GDP.PCAP.CD,2024,6267.186814093,worldbank,2026-09-23,api.worldbank.org v2
ZA,NY.GDP.PCAP.CD,2025,6597.71450918774,worldbank,2026-09-23,api.worldbank.org v2
ZA,NY.GDP.PCAP.PP.CD,2014,13358.9417186608,worldbank,2026-09-23,api.worldbank.org v2
ZA,NY.GDP.PCAP.PP.CD,2015,13397.5234813346,worldbank,2026-09-23,api.worldbank.org v2
ZA,NY.GDP.PCAP.PP.CD,2016,13519.3235102376,worldbank,2026-09-23,api.worldbank.org v2
ZA,NY.GDP.PCAP.PP.CD,2017,13738.4385854596,worldbank,2026-09-23,api.worldbank.org v2
ZA,NY.GDP.PCAP.PP.CD,2018,13347.3634826038,worldbank,2026-09-23,api.worldbank.org v2
ZA,NY.GDP.PCAP.PP.CD,2019,13361.4851289112,worldbank,2026-09-23,api.worldbank.org v2
ZA,NY.GDP.PCAP.PP.CD,2020,12671.0862436851,worldbank,2026-09-23,api.worldbank.org v2
ZA,NY.GDP.PCAP.PP.CD,2021,13681.9548144813,worldbank,2026-09-23,api.worldbank.org v2
ZA,NY.GDP.PCAP.PP.CD,2022,14746.7103701698,worldbank,2026-09-23,api.worldbank.org v2
ZA,NY.GDP.PCAP.PP.CD,2023,15212.2609596178,worldbank,2026-09-23,api.worldbank.org v2
ZA,NY.GDP.PCAP.PP.CD,2024,15478.6456794969,worldbank,2026-09-23,api.worldbank.org v2
ZA,NY.GDP.PCAP.PP.CD,2025,15905.6794419658,worldbank,2026-09-23,api.worldbank.org v2
ZA,SP.POP.TOTL,2014,55594838.0,worldbank,2026-09-23,api.worldbank.org v2
ZA,SP.POP.TOTL,2015,56723537.0,worldbank,2026-09-23,api.worldbank.org v2
ZA,SP.POP.TOTL,2016,57259551.0,worldbank,2026-09-23,api.worldbank.org v2
ZA,SP.POP.TOTL,2017,57635162.0,worldbank,2026-09-23,api.worldbank.org v2
ZA,SP.POP.TOTL,2018,58613001.0,worldbank,2026-09-23,api.worldbank.org v2
ZA,SP.POP.TOTL,2019,59587885.0,worldbank,2026-09-23,api.worldbank.org v2
ZA,SP.POP.TOTL,2020,60562381.0,worldbank,2026-09-23,api.worldbank.org v2
ZA,SP.POP.TOTL,2021,61502603.0,worldbank,2026-09-23,api.worldbank.org v2
ZA,SP.POP.TOTL,2022,62378410.0,worldbank,2026-09-23,api.worldbank.org v2
ZA,SP.POP.TOTL,2023,63212384.0,worldbank,2026-09-23,api.worldbank.org v2
ZA,SP.POP.TOTL,2024,64007187.0,worldbank,2026-09-23,api.worldbank.org v2
ZA,SP.POP.TOTL,2025,64747319.0,worldbank,2026-09-23,api.worldbank.org v2
ZA,SP.URB.TOTL.IN.ZS,2014,63.1352327065742,worldbank,2026-09-23,api.worldbank.org v2
ZA,SP.URB.TOTL.IN.ZS,2015,63.2096349937231,worldbank,2026-09-23,api.worldbank.org v2
ZA,SP.URB.TOTL.IN.ZS,2016,63.2750973439347,worldbank,2026-09-23,api.worldbank.org v2
ZA,SP.URB.TOTL.IN.ZS,2017,63.3311078299936,worldbank,2026-09-23,api.worldbank.org v2
ZA,SP.URB.TOTL.IN.ZS,2018,63.3771545246841,worldbank,2026-09-23,api.worldbank.org v2
ZA,SP.URB.TOTL.IN.ZS,2019,63.4127255007908,worldbank,2026-09-23,api.worldbank.org v2
ZA,SP.URB.TOTL.IN.ZS,2020,63.4373088310982,worldbank,2026-09-23,api.worldbank.org v2
ZA,SP.URB.TOTL.IN.ZS,2021,63.4503925883909,worldbank,2026-09-23,api.worldbank.org v2
ZA,SP.URB.TOTL.IN.ZS,2022,63.4766699210327,worldbank,2026-09-23,api.worldbank.org v2
ZA,SP.URB.TOTL.IN.ZS,2023,63.5823705163545,worldbank,2026-09-23,api.worldbank.org v2
ZA,SP.URB.TOTL.IN.ZS,2024,63.6917984858172,worldbank,2026-09-23,api.worldbank.org v2
ZA,SP.URB.TOTL.IN.ZS,2025,63.8154011002522,worldbank,2026-09-23,api.worldbank.org v2
